item_id,Action,Adventure,Animation,Children,Comedy,Crime,Documentary,Drama,Fantasy,FilmNoir,Horror,Musical,Mystery,Romance,SciFi,Thriller,War,Western,year,month
2,1,1,0,0,0,0,0,0,0,0,0,0,0,0,0,1,0,0,1995,1
3,0,0,0,0,0,0,0,0,0,0,0,0,0,0,0,1,0,0,1995,1
4,1,0,0,0,1,0,0,1,0,0,0,0,0,0,0,0,0,0,1995,1
5,0,0,0,0,0,1,0,1,0,0,0,0,0,0,0,1,0,0,1995,1
6,0,0,0,0,0,0,0,1,0,0,0,0,0,0,0,0,0,0,1995,1
7,0,0,0,0,0,0,0,1,0,0,0,0,0,0,1,0,0,0,1995,1
8,0,0,0,1,1,0,0,1,0,0,0,0,0,0,0,0,0,0,1995,1
9,0,0,0,0,0,0,0,1,0,0,0,0,0,0,0,0,0,0,1995,1
10,0,0,0,0,0,0,0,1,0,0,0,0,0,0,0,0,1,0,1996,1
11,0,0,0,0,0,1,0,0,0,0,0,0,0,0,0,1,0,0,1995,1
12,0,0,0,0,0,1,0,0,0,0,0,0,0,0,0,1,0,0,1995,8
13,0,0,0,0,1,0,0,0,0,0,0,0,0,0,0,0,0,0,1995,10
14,0,0,0,0,0,0,0,1,0,0,0,0,0,1,0,0,0,0,1994,1
15,0,0,0,0,0,0,0,1,0,0,0,0,0,0,0,0,0,0,1996,1
16,0,0,0,0,1,0,0,0,0,0,0,0,0,1,0,0,0,0,1995,1
17,1,0,0,0,1,1,0,0,0,0,1,0,0,0,0,1,0,0,1996,2
18,0,0,0,0,0,0,0,1,0,0,0,0,0,0,0,0,0,0,1995,1
19,0,0,0,0,0,0,0,1,0,0,0,0,0,0,0,0,0,0,1995,1
20,0,0,0,0,0,0,0,1,0,0,0,0,0,1,0,0,0,0,1995,1
21,1,1,0,0,1,0,0,0,0,0,0,1,0,0,0,1,0,0,1996,2
22,1,0,0,0,0,0,0,1,0,0,0,0,0,0,0,0,1,0,1996,2
23,0,0,0,0,0,0,0,1,0,0,0,0,0,0,0,1,0,0,1996,2
24,1,1,0,0,0,1,0,0,0,0,0,0,0,0,0,0,0,0,1996,2
25,0,0,0,0,1,0,0,0,0,0,0,0,0,0,0,0,0,0,1996,3
26,0,0,0,0,1,0,0,0,0,0,0,0,0,0,0,0,0,0,1995,1
27,1,0,0,0,0,0,0,0,0,0,0,0,0,0,0,0,0,0,1995,1
28,1,0,0,0,0,0,0,1,0,0,0,0,0,0,0,1,0,0,1995,1
29,1,1,0,0,1,1,0,0,0,0,0,0,0,0,0,0,0,0,1995,1
30,0,0,0,0,0,0,0,1,0,0,0,0,0,0,0,0,0,0,1967,1
31,0,0,0,0,0,0,0,1,0,0,0,0,0,0,0,1,1,0,1995,1
32,0,0,0,0,0,0,1,0,0,0,0,0,0,0,0,0,0,0,1994,1
33,1,0,0,0,0,0,0,0,0,0,0,0,0,1,0,1,0,0,1995,1
34,0,0,0,0,1,0,0,1,0,0,0,0,0,0,0,0,0,0,1995,1
35,0,1,0,1,0,0,0,1,0,0,0,0,0,0,0,0,0,0,1995,1
36,0,0,0,0,0,0,0,1,0,0,0,0,0,1,0,0,0,0,1995,1
37,0,0,0,0,0,0,0,1,0,0,0,0,0,0,0,0,0,0,1994,1
38,0,0,0,0,0,0,0,0,0,0,0,0,0,0,1,1,0,0,1995,1
39,1,0,0,0,0,1,0,0,0,0,0,0,0,0,1,0,0,0,1995,1
40,0,0,0,0,1,0,0,0,0,0,0,0,0,0,0,0,0,0,1995,1
41,0,0,0,0,1,0,0,0,0,0,0,0,0,0,0,0,0,0,1995,1
42,0,0,0,0,1,0,0,0,0,0,0,0,0,0,0,0,0,0,1994,1
43,0,0,0,0,0,0,0,1,0,0,0,0,0,0,0,1,0,0,1994,1
44,0,0,0,0,0,0,0,1,0,0,0,0,0,0,0,1,0,0,1994,1
45,0,0,0,0,1,0,0,1,0,0,0,0,0,0,0,0,0,0,1994,1
46,0,0,0,0,0,0,0,1,0,0,0,0,0,0,0,0,0,0,1994,1
47,0,0,0,0,1,0,0,1,0,0,0,0,0,0,0,0,0,0,1994,1
48,0,0,0,0,0,0,1,0,0,0,0,0,0,0,0,0,0,0,1994,1
49,0,0,0,0,1,0,0,0,0,0,0,0,0,1,0,0,0,0,1994,1
50,1,1,0,0,0,0,0,0,0,0,0,0,0,1,1,0,1,0,1977,1
51,0,0,0,0,0,0,0,1,0,0,0,0,0,1,0,0,1,1,1994,1
52,0,0,0,0,0,0,0,1,0,0,0,0,0,0,0,0,0,0,1994,1
53,1,0,0,0,0,0,0,0,0,0,0,0,0,0,0,1,0,0,1994,1
54,1,0,0,0,0,0,0,1,0,0,0,0,0,0,0,1,0,0,1995,1
55,0,0,0,0,0,1,0,1,0,0,0,0,0,1,0,1,0,0,1994,1
56,0,0,0,0,0,1,0,1,0,0,0,0,0,0,0,0,0,0,1994,1
57,0,0,0,0,0,0,0,1,0,0,0,0,0,0,0,0,0,0,1994,1
58,0,0,0,0,0,0,0,1,0,0,0,0,0,0,0,0,0,0,1994,1
59,0,0,0,0,0,0,0,1,0,0,0,0,0,0,0,0,0,0,1994,1
60,0,0,0,0,0,0,0,1,0,0,0,0,0,0,0,0,0,0,1993,1
61,0,0,0,0,0,0,0,1,0,0,0,0,0,0,0,0,0,0,1994,1
62,1,1,0,0,0,0,0,0,0,0,0,0,0,0,1,0,0,0,1994,1
63,0,0,0,1,1,0,0,0,0,0,0,0,0,0,0,0,0,0,1994,1
64,0,0,0,0,0,0,0,1,0,0,0,0,0,0,0,0,0,0,1994,1
65,0,0,0,0,1,0,0,1,0,0,0,0,0,0,0,0,0,0,1993,1
66,0,0,0,0,1,0,0,0,0,0,0,0,0,1,0,0,0,0,1995,1
67,0,0,0,0,1,0,0,0,0,0,0,0,0,0,0,0,0,0,1994,1
68,1,0,0,0,0,0,0,0,0,0,0,0,0,1,0,1,0,0,1994,1
69,0,0,0,0,1,0,0,0,0,0,0,0,0,1,0,0,1,0,1994,1
70,0,0,0,0,1,0,0,0,0,0,0,0,0,1,0,0,0,0,1994,1
71,0,0,1,1,0,0,0,0,0,0,0,1,0,0,0,0,0,0,1994,1
72,0,0,0,0,1,1,0,0,1,0,0,0,0,0,0,0,0,0,1994,1
73,1,0,0,0,1,0,0,0,0,0,0,0,0,0,0,0,0,1,1994,1
74,1,0,0,0,1,0,0,1,0,0,0,0,0,0,0,0,0,0,1965,1
75,0,0,0,0,0,0,1,0,0,0,0,0,0,0,0,0,0,0,1994,1
76,0,0,0,0,0,1,0,1,0,0,0,0,0,0,0,0,0,0,1993,1
77,0,0,0,0,0,0,0,1,0,0,0,0,0,0,0,1,0,0,1993,1
78,0,1,0,1,0,0,0,1,0,0,0,0,0,0,0,0,0,0,1993,1
79,1,0,0,0,0,0,0,0,0,0,0,0,0,0,0,1,0,0,1993,1
80,1,0,0,0,1,0,0,0,0,0,0,0,0,0,0,0,1,0,1993,1
81,0,0,0,0,1,0,0,0,0,0,0,0,0,1,0,0,0,0,1994,1
82,1,1,0,0,0,0,0,0,0,0,0,0,0,0,1,0,0,0,1993,1
83,0,0,0,0,1,0,0,0,0,0,0,0,0,1,0,0,0,0,1993,1
84,0,0,0,0,0,0,0,0,0,0,1,0,0,0,1,0,0,0,1994,1
85,0,0,0,0,1,0,0,0,0,0,0,0,0,0,0,0,0,0,1994,1
86,0,0,0,0,0,0,0,1,0,0,0,0,0,0,0,0,0,0,1993,1
87,0,0,0,0,0,0,0,1,0,0,0,0,0,0,0,0,0,0,1993,1
88,0,0,0,0,1,0,0,0,0,0,0,0,0,1,0,0,0,0,1993,1
89,0,0,0,0,0,0,0,0,0,1,0,0,0,0,1,0,0,0,1982,1
90,0,0,0,0,1,0,0,0,0,0,0,0,0,1,0,1,0,0,1993,1
91,0,0,0,1,1,0,0,0,0,0,0,1,0,0,0,0,0,0,1993,1
92,1,0,0,0,0,1,0,0,0,0,0,0,0,1,0,0,0,0,1993,1
93,0,0,0,0,1,0,0,1,0,0,0,0,0,0,0,0,0,0,1996,5
94,0,0,0,1,1,0,0,0,0,0,0,0,0,0,0,0,0,0,1990,1
95,0,0,1,1,1,0,0,0,0,0,0,1,0,0,0,0,0,0,1992,1
96,1,0,0,0,0,0,0,0,0,0,0,0,0,0,1,1,0,0,1991,1
97,0,1,0,0,0,0,0,1,0,0,0,0,0,0,0,0,0,1,1990,1
98,0,0,0,0,0,0,0,1,0,0,0,0,0,0,0,1,0,0,1991,1
99,0,0,1,1,0,0,0,0,0,0,0,1,0,0,0,0,0,0,1937,1
100,0,0,0,0,0,1,0,1,0,0,0,0,0,0,0,1,0,0,1997,2
101,1,1,1,0,0,0,0,0,0,0,1,0,0,0,1,0,0,0,1981,3
102,0,0,1,1,0,0,0,0,0,0,0,0,0,0,0,0,0,0,1970,1
103,0,0,1,1,0,0,0,0,0,0,0,1,0,0,0,0,0,0,1996,3
104,0,0,0,0,1,0,0,0,0,0,0,0,0,0,0,0,0,0,1996,3
105,0,0,0,0,1,0,0,0,0,0,0,0,0,0,0,0,0,0,1996,3
106,0,0,0,0,0,0,0,1,0,0,0,0,0,0,0,1,0,0,1996,1
107,0,0,0,0,0,0,0,1,0,0,0,0,0,0,0,0,0,0,1996,6
108,0,0,0,0,1,0,0,0,0,0,0,0,0,0,0,0,0,0,1996,4
109,0,0,0,0,1,0,0,0,0,0,0,0,0,0,1,0,0,0,1996,4
110,1,1,0,0,1,0,0,0,0,0,0,0,0,0,0,0,1,0,1995,1
111,0,0,0,0,1,0,0,0,0,0,0,0,0,1,0,0,0,0,1996,4
112,0,1,0,1,0,0,0,0,0,0,0,0,0,0,0,0,0,0,1996,5
113,0,0,0,0,0,0,0,1,0,0,0,0,0,0,0,0,0,0,1996,4
114,0,0,1,0,0,0,0,0,0,0,0,0,0,0,0,0,0,0,1996,4
115,0,0,0,0,0,0,1,0,0,0,0,0,0,0,0,0,0,0,1996,4
116,0,0,0,0,1,0,0,0,0,0,0,0,0,0,0,0,0,0,1996,4
117,1,1,0,0,0,0,0,0,0,0,0,0,0,0,0,1,0,0,1996,6
118,1,1,0,0,0,0,0,0,0,0,0,0,0,0,0,1,0,0,1996,5
119,0,0,0,0,0,0,1,0,0,0,0,0,0,0,0,0,0,0,1994,1
120,0,0,0,0,1,1,0,0,0,0,0,0,0,0,0,0,0,0,1996,6
121,1,0,0,0,0,0,0,0,0,0,0,0,0,0,1,0,1,0,1996,7
122,0,0,0,0,1,0,0,0,0,0,0,0,0,0,0,0,0,0,1996,6
123,0,0,0,0,1,0,0,0,0,0,1,0,0,0,0,0,0,0,1996,7
124,0,0,0,0,0,0,0,1,0,0,0,0,1,0,0,0,0,0,1996,6
125,0,0,0,0,0,0,0,1,0,0,0,0,0,1,0,0,0,0,1996,6
126,0,0,0,0,0,0,0,1,0,0,0,0,0,0,0,0,0,0,1996,9
127,1,0,0,0,0,1,0,1,0,0,0,0,0,0,0,0,0,0,1972,1
128,1,0,0,0,0,0,0,0,0,0,0,0,0,0,0,1,0,0,1996,7
129,0,0,0,0,0,1,0,1,0,0,0,0,0,1,0,1,0,0,1996,10
130,0,0,0,0,0,1,0,0,0,0,0,0,0,0,0,0,0,0,1996,8
131,0,0,0,0,0,0,0,1,0,0,0,0,0,1,0,0,0,0,1961,1
132,0,1,0,1,0,0,0,1,0,0,0,1,0,0,0,0,0,0,1939,1
133,0,0,0,0,0,0,0,1,0,0,0,0,0,1,0,0,1,0,1939,1
134,0,0,0,0,0,0,0,1,0,0,0,0,0,0,0,0,0,0,1941,1
135,0,0,0,0,0,0,0,1,0,0,0,0,1,0,1,1,0,0,1968,1
136,0,0,0,0,0,0,0,1,0,0,0,0,0,0,0,0,0,0,1939,1
137,0,0,0,0,0,0,0,1,0,0,0,0,0,0,0,0,0,0,1996,9
138,0,0,0,1,1,0,0,0,0,0,0,0,0,0,0,0,0,0,1996,10
139,0,0,0,1,1,0,0,0,0,0,0,0,0,0,0,0,0,0,1969,1
140,0,1,0,1,0,0,0,0,0,0,0,0,0,0,0,0,0,0,1993,1
141,0,1,0,1,0,0,0,0,1,0,0,0,0,0,1,0,0,0,1954,1
142,0,1,0,1,0,0,0,0,0,0,0,1,0,0,0,0,0,0,1971,1
143,0,0,0,0,0,0,0,0,0,0,0,1,0,0,0,0,0,0,1965,1
144,1,0,0,0,0,0,0,0,0,0,0,0,0,0,0,1,0,0,1988,1
145,1,0,0,0,0,0,0,0,0,0,0,0,0,0,1,1,0,0,1992,1
146,0,0,0,0,0,0,0,1,0,0,0,0,0,0,0,0,0,0,1996,10
147,1,0,0,0,0,0,0,0,0,0,0,0,0,0,0,1,0,0,1996,10
148,1,1,0,0,0,0,0,0,0,0,0,0,0,0,0,0,0,0,1996,10
149,0,0,0,0,0,0,0,1,0,0,0,0,0,0,0,0,0,0,1996,11
150,0,0,0,0,1,0,0,1,0,0,0,0,0,0,0,0,0,0,1996,10
151,0,1,0,1,1,0,0,0,0,0,0,0,0,0,0,0,0,0,1971,1
152,0,0,0,0,1,0,0,0,0,0,0,0,0,0,1,0,0,0,1973,1
153,0,0,0,0,1,0,0,0,0,0,0,0,0,0,0,0,0,0,1988,1
154,0,0,0,0,1,0,0,0,0,0,0,0,0,0,0,0,0,0,1979,1
155,0,0,0,0,0,0,0,0,0,0,0,1,0,1,0,0,0,0,1987,1
156,0,0,0,0,0,1,0,0,0,0,0,0,0,0,0,1,0,0,1992,1
157,0,0,0,0,0,0,0,1,0,0,0,0,0,0,0,0,1,0,1986,1
158,0,0,0,0,1,0,0,0,0,0,0,0,0,0,0,0,0,0,1989,1
159,0,0,0,0,0,0,0,0,0,0,0,0,1,0,0,1,0,0,1992,1
160,0,0,0,0,0,0,0,1,0,0,0,0,0,0,0,0,0,0,1992,1
161,1,0,0,0,0,0,0,0,0,0,0,0,0,1,0,0,0,0,1986,1
162,0,0,0,0,0,0,0,1,0,0,0,0,0,0,0,0,0,0,1981,1
163,0,0,0,0,1,0,0,0,0,0,0,0,0,0,0,0,0,0,1974,1
164,1,1,0,0,0,0,0,0,0,0,0,0,0,0,1,1,0,0,1989,1
165,0,0,0,0,0,0,0,1,0,0,0,0,0,0,0,0,0,0,1986,1
166,0,0,0,0,0,0,0,1,0,0,0,0,0,0,0,0,0,0,1986,1
167,0,0,0,0,1,0,0,0,0,0,0,0,0,0,0,0,0,0,1980,1
168,0,0,0,0,1,0,0,0,0,0,0,0,0,0,0,0,0,0,1974,1
169,0,0,1,0,1,0,0,0,0,0,0,0,0,0,0,0,0,0,1993,1
170,0,0,0,0,1,0,0,1,0,0,0,0,0,1,0,0,0,0,1988,1
171,0,0,0,0,1,0,0,0,0,0,0,0,0,0,1,0,0,0,1991,1
172,1,1,0,0,0,0,0,1,0,0,0,0,0,1,1,0,1,0,1980,1
173,1,1,0,0,1,0,0,0,0,0,0,0,0,1,0,0,0,0,1987,1
174,1,1,0,0,0,0,0,0,0,0,0,0,0,0,0,0,0,0,1981,1
175,0,0,0,0,0,0,0,0,0,0,0,0,0,0,1,0,0,0,1985,1
176,1,0,0,0,0,0,0,0,0,0,0,0,0,0,1,1,1,0,1986,1
177,1,0,0,0,0,0,0,0,0,0,0,0,0,0,0,0,0,1,1966,1
178,0,0,0,0,0,0,0,1,0,0,0,0,0,0,0,0,0,0,1957,1
179,0,0,0,0,0,0,0,0,0,0,0,0,0,0,1,0,0,0,1971,1
180,0,0,0,0,0,0,0,1,0,0,0,0,0,0,0,0,1,0,1979,1
181,1,1,0,0,0,0,0,0,0,0,0,0,0,1,1,0,1,0,1997,3
182,0,0,0,0,0,1,0,1,0,0,0,0,0,0,0,0,0,0,1990,1
183,1,0,0,0,0,0,0,0,0,0,1,0,0,0,1,1,0,0,1979,1
184,1,1,0,0,1,0,0,0,0,0,1,0,0,0,1,0,0,0,1993,1
185,0,0,0,0,0,0,0,0,0,0,1,0,0,1,0,1,0,0,1960,1
186,1,0,0,0,1,0,0,0,0,0,0,1,0,0,0,0,0,0,1980,1
187,1,0,0,0,0,1,0,1,0,0,0,0,0,0,0,0,0,0,1974,1
188,1,0,0,0,0,0,0,1,0,0,0,0,0,0,0,0,1,0,1987,1
189,0,0,1,0,1,0,0,0,0,0,0,0,0,0,0,0,0,0,1992,1
190,0,0,0,0,0,0,0,1,0,0,0,0,0,0,0,0,1,0,1989,1
191,0,0,0,0,0,0,0,1,0,0,0,0,1,0,0,0,0,0,1984,1
192,0,0,0,0,0,0,0,1,0,0,0,0,0,0,0,0,0,0,1980,1
193,0,0,0,0,0,0,0,1,0,0,0,0,0,0,0,0,0,0,1983,1
194,0,0,0,0,1,1,0,0,0,0,0,0,0,0,0,0,0,0,1973,1
195,1,0,0,0,0,0,0,0,0,0,0,0,0,0,1,1,0,0,1984,1
196,0,0,0,0,0,0,0,1,0,0,0,0,0,0,0,0,0,0,1989,1
197,0,0,0,0,0,0,0,1,0,0,0,0,0,1,0,0,0,0,1967,1
198,0,0,0,0,0,0,0,0,0,0,0,0,0,0,0,1,0,0,1990,1
199,0,0,0,0,0,0,0,1,0,0,0,0,0,0,0,0,1,0,1957,1
200,0,0,0,0,0,0,0,0,0,0,1,0,0,0,0,0,0,0,1980,1
201,1,1,0,0,1,0,0,0,0,0,1,0,0,0,0,0,0,0,1987,1
202,0,0,0,0,1,0,0,0,0,0,0,0,0,1,0,0,0,0,1993,1
203,0,0,0,0,0,0,0,0,0,0,0,0,0,0,0,0,0,1,1992,1
204,0,0,0,0,1,0,0,0,0,0,0,0,0,0,1,0,0,0,1985,1
205,0,0,0,0,0,0,0,1,0,0,0,0,0,0,0,0,1,0,1970,1
206,0,1,1,0,0,0,0,0,0,0,0,0,0,0,1,1,0,0,1988,1
207,1,0,0,0,0,0,0,1,0,0,0,0,0,1,0,0,0,0,1990,1
208,0,0,0,0,1,0,0,0,0,0,1,0,0,0,0,0,0,0,1974,1
209,0,0,0,0,1,0,0,1,0,0,0,1,0,0,0,0,0,0,1984,1
210,1,1,0,0,0,0,0,0,0,0,0,0,0,0,0,0,0,0,1989,1
211,0,0,0,0,1,0,0,0,0,0,0,0,0,0,0,0,1,0,1970,1
212,0,0,0,0,0,0,0,1,0,0,0,0,0,0,0,0,0,0,1988,1
213,0,0,0,0,0,0,0,1,0,0,0,0,0,1,0,0,0,0,1986,1
214,0,0,0,0,0,0,0,1,0,0,0,1,0,0,0,0,1,0,1982,1
215,0,0,0,0,0,0,0,1,0,0,0,0,0,0,0,0,0,0,1989,1
216,0,0,0,0,1,0,0,0,0,0,0,0,0,1,0,0,0,0,1989,1
217,0,0,0,0,0,0,0,0,0,0,1,0,0,1,0,0,0,0,1992,1
218,0,0,0,0,0,0,0,0,0,0,0,0,0,0,0,1,0,0,1991,1
219,0,0,0,0,0,0,0,0,0,0,1,0,0,0,0,0,0,0,1984,1
220,0,0,0,0,1,0,0,0,0,0,0,0,0,1,0,0,0,0,1996,11
221,0,0,0,0,0,0,0,1,0,0,0,0,0,0,0,0,0,0,1996,11
222,1,1,0,0,0,0,0,0,0,0,0,0,0,0,1,0,0,0,1996,11
223,0,0,0,0,0,0,0,1,0,0,0,0,0,0,0,1,0,0,1996,11
224,0,0,0,0,0,0,0,1,0,0,0,0,0,0,0,0,0,0,1996,11
225,0,0,0,1,1,0,0,0,0,0,0,0,0,0,0,0,0,0,1996,11
226,1,0,0,0,0,0,0,0,0,0,0,0,0,0,0,1,0,0,1990,1
227,1,1,0,0,0,0,0,0,0,0,0,0,0,0,1,0,0,0,1991,1
228,1,1,0,0,0,0,0,0,0,0,0,0,0,0,1,0,0,0,1982,1
229,1,1,0,0,0,0,0,0,0,0,0,0,0,0,1,0,0,0,1984,1
230,1,1,0,0,0,0,0,0,0,0,0,0,0,0,1,0,0,0,1986,1
231,1,1,0,0,1,1,0,0,0,0,0,0,0,0,0,0,0,0,1992,1
232,1,0,0,0,1,0,0,0,0,0,0,0,0,0,0,0,0,1,1988,1
233,1,0,0,0,0,0,0,0,0,0,0,0,0,0,0,0,0,0,1992,1
234,1,0,0,0,0,0,0,0,0,0,1,0,0,0,0,0,0,0,1975,1
235,1,0,0,0,1,0,0,0,0,0,0,0,0,0,1,0,1,0,1996,12
236,0,0,0,0,1,0,0,1,0,0,0,0,0,0,0,0,0,0,1996,12
237,0,0,0,0,0,0,0,1,0,0,0,0,0,1,0,0,0,0,1996,12
238,0,0,0,0,1,0,0,0,0,0,0,0,0,0,0,0,0,0,1987,1
239,0,0,0,0,0,1,0,1,0,0,0,0,0,0,1,0,0,0,1992,1
240,0,0,1,0,1,0,0,0,0,0,0,0,0,0,0,0,0,0,1996,12
241,1,0,0,0,0,0,0,0,0,0,0,0,0,1,0,0,1,0,1992,1
242,0,0,0,0,1,0,0,0,0,0,0,0,0,0,0,0,0,0,1997,1
243,0,0,0,1,1,0,0,0,0,0,0,0,0,0,0,0,0,0,1997,3
244,1,0,0,0,0,0,0,1,0,0,0,0,0,0,0,1,0,0,1997,3
245,1,0,0,0,0,0,0,1,0,0,0,0,0,0,0,1,1,0,1997,3
246,0,0,0,0,0,0,0,1,0,0,0,0,0,1,0,0,0,0,1997,1
247,1,1,0,1,0,0,0,0,0,0,0,0,0,0,0,0,0,0,1997,3
248,0,0,0,0,1,1,0,0,0,0,0,0,0,0,0,0,0,0,1997,4
249,0,0,0,0,1,0,0,0,0,0,0,0,0,0,0,0,0,0,1997,5
250,1,0,0,0,0,0,0,0,0,0,0,0,0,0,1,0,0,0,1997,5
251,0,0,0,0,1,0,0,0,0,0,0,0,0,0,0,0,0,0,1997,7
252,1,1,0,0,0,0,0,0,0,0,0,0,0,0,1,1,0,0,1997,5
253,0,0,0,0,0,0,0,1,0,0,0,0,0,1,0,0,0,0,1997,6
254,1,1,0,0,0,1,0,0,0,0,0,0,0,0,0,0,0,0,1997,6
255,0,0,0,0,1,0,0,0,0,0,0,0,0,1,0,0,0,0,1997,6
256,0,0,0,0,1,0,0,0,0,0,0,0,0,1,0,0,0,0,1997,6
257,1,1,0,0,1,0,0,0,0,0,0,0,0,0,1,0,0,0,1997,7
258,0,0,0,0,0,0,0,1,0,0,0,0,0,0,1,0,0,0,1997,7
259,0,0,0,1,1,0,0,0,0,0,0,0,0,0,0,0,0,0,1997,1
260,1,0,0,0,0,0,0,0,0,0,0,0,1,0,1,1,0,0,1997,1
261,0,0,0,1,1,0,0,0,0,0,0,0,0,0,0,0,0,0,1997,8
262,0,0,0,0,0,0,0,1,0,0,0,0,0,0,0,0,0,0,1997,8
263,1,0,0,0,0,0,0,0,0,0,0,0,0,0,0,0,0,0,1997,8
264,0,0,0,0,0,0,0,0,0,0,0,0,0,0,1,1,0,0,1997,8
265,1,0,0,0,0,0,0,0,0,0,0,0,0,0,0,1,0,0,1990,1
266,1,1,0,0,0,0,0,0,0,0,0,0,0,0,0,0,0,0,1997,8
268,0,0,0,0,0,0,0,1,0,0,0,0,0,1,0,0,0,0,1997,1
269,0,0,0,0,1,0,0,0,0,0,0,0,0,0,0,0,0,0,1997,1
270,0,0,0,0,0,0,0,1,0,0,0,0,0,0,1,1,0,0,1997,1
271,1,1,0,0,0,0,0,0,0,0,0,0,0,0,1,0,1,0,1997,1
272,0,0,0,0,0,0,0,1,0,0,0,0,0,0,0,0,0,0,1997,1
273,1,0,0,0,0,1,0,0,0,0,0,0,0,0,0,1,0,0,1995,1
274,0,0,0,0,1,0,0,0,0,0,0,0,0,1,0,0,0,0,1995,1
275,0,0,0,0,0,0,0,1,0,0,0,0,0,1,0,0,0,0,1995,1
276,0,0,0,0,0,0,0,1,0,0,0,0,0,1,0,0,0,0,1995,1
277,0,0,0,0,0,0,0,1,0,0,0,0,0,0,0,0,0,0,1995,1
278,0,0,0,0,0,0,0,1,0,0,0,0,0,1,0,0,0,0,1996,1
279,0,0,0,0,0,0,0,1,0,0,0,0,0,0,0,0,0,0,1995,1
280,0,0,0,0,0,0,0,1,0,0,0,0,0,1,0,0,0,0,1996,3
281,1,0,0,0,0,0,0,0,0,0,0,0,0,0,0,1,0,0,1994,1
282,0,0,0,0,0,0,0,1,0,0,0,0,0,0,0,0,0,0,1996,7
283,0,0,0,0,0,0,0,1,0,0,0,0,0,1,0,0,0,0,1996,8
284,0,0,0,0,1,0,0,0,0,0,0,0,0,1,0,0,0,0,1996,8
285,0,0,0,0,0,0,0,1,0,0,0,0,0,0,0,0,0,0,1996,10
286,0,0,0,0,0,0,0,1,0,0,0,0,0,1,0,0,1,0,1996,11
287,0,0,0,0,0,0,0,1,0,0,0,0,0,0,0,0,0,0,1996,12
288,0,0,0,0,0,0,0,0,0,0,1,0,0,0,0,1,0,0,1996,12
289,0,0,0,0,0,0,0,1,0,0,0,1,0,0,0,0,0,0,1996,12
290,0,0,0,0,1,0,0,0,0,0,0,0,0,0,0,0,0,0,1997,1
291,0,0,0,0,0,0,0,0,0,0,0,0,1,0,0,1,0,0,1997,2
292,0,0,0,0,0,0,0,1,0,0,0,0,0,0,0,0,0,0,1997,2
293,0,0,0,0,0,1,0,1,0,0,0,0,0,0,0,0,0,0,1997,2
294,0,0,0,0,1,0,0,0,0,0,0,0,0,0,0,0,0,0,1997,3
295,1,0,0,0,0,0,0,0,0,0,0,0,0,0,0,1,0,0,1997,5
296,0,0,0,0,0,0,0,1,0,0,0,0,0,0,0,0,0,0,1997,5
297,0,0,0,0,0,0,0,1,0,0,0,0,0,0,0,0,0,0,1997,1
298,1,0,0,0,0,0,0,0,0,0,0,0,0,0,1,1,0,0,1997,6
299,0,0,0,0,0,1,0,1,0,1,0,0,0,0,0,0,0,0,1997,8
300,1,0,0,0,0,0,0,0,0,0,0,0,0,0,0,1,0,0,1997,1
301,0,0,0,0,1,0,0,0,0,0,0,0,0,0,0,0,0,0,1997,9
302,0,0,0,0,0,1,0,0,0,1,0,0,1,0,0,1,0,0,1997,1
303,0,0,0,0,0,0,0,1,0,0,0,0,0,0,0,0,0,0,1997,1
304,0,1,0,1,0,0,0,0,0,0,0,0,0,0,0,0,0,0,1996,9
305,0,0,0,0,0,0,0,1,0,0,0,0,0,0,0,0,0,0,1997,1
306,0,0,0,0,0,0,0,1,0,0,0,0,0,1,0,0,0,0,1997,1
307,0,0,0,0,0,1,0,0,0,0,1,0,1,0,0,1,0,0,1997,1
308,0,0,0,1,0,0,0,1,1,0,0,0,0,0,0,0,0,0,1997,1
309,0,0,0,0,0,1,0,0,0,0,0,0,0,0,0,0,0,0,1997,1
310,0,0,0,0,0,0,0,1,0,0,0,0,0,0,0,0,0,0,1997,1
311,0,0,0,0,0,0,0,1,0,0,0,0,0,1,0,1,0,0,1997,1
312,0,0,0,0,1,1,0,1,0,0,0,0,1,0,0,0,0,0,1997,1
313,1,0,0,0,0,0,0,1,0,0,0,0,0,1,0,0,0,0,1997,1
314,1,0,0,1,0,0,0,0,0,0,0,0,0,0,0,0,0,0,1997,1
315,0,0,0,0,0,0,0,1,0,0,0,0,0,0,0,1,0,0,1998,10
316,0,0,0,0,1,0,0,1,0,0,0,0,0,0,0,0,0,0,1997,12
317,0,0,0,0,0,0,0,1,0,0,0,0,0,0,0,0,0,0,1993,1
318,0,0,0,0,0,0,0,1,0,0,0,0,0,0,0,0,1,0,1993,1
319,0,0,0,0,1,0,0,0,0,0,0,1,0,1,0,0,0,0,1996,12
320,0,0,0,0,0,0,1,0,0,0,0,0,0,0,0,0,0,0,1996,12
321,0,0,0,0,1,0,0,0,0,0,0,0,0,0,0,0,0,0,1996,12
322,0,0,0,0,0,0,0,0,0,0,0,0,1,0,0,1,0,0,1997,4
323,1,0,0,0,0,0,0,0,0,0,0,0,0,0,0,1,0,0,1997,2
324,0,0,0,0,0,0,0,0,0,0,0,0,1,0,0,0,0,0,1997,2
325,0,0,0,0,0,0,0,1,0,0,0,0,0,0,0,1,0,0,1997,3
326,1,0,0,0,0,0,0,1,0,0,0,0,0,0,0,0,1,0,1997,1
327,0,0,0,0,0,1,0,1,0,0,0,0,1,0,0,0,0,0,1997,1
328,1,0,0,0,0,0,0,0,0,0,0,0,1,1,0,1,0,0,1997,8
329,0,0,0,0,0,1,0,1,0,0,0,0,0,0,0,1,0,0,1998,1
330,0,0,0,0,0,0,0,1,0,0,0,0,0,0,0,0,0,0,1997,1
331,0,1,0,0,0,0,0,0,0,0,0,0,0,0,0,1,0,0,1997,9
332,0,0,0,0,0,1,0,1,0,0,0,0,0,0,0,1,0,0,1997,1
333,0,0,0,0,0,0,0,0,0,0,0,0,1,0,0,1,0,0,1997,1
334,1,0,0,0,0,1,0,0,0,0,0,0,1,0,0,0,0,0,1997,1
335,0,0,0,0,1,0,0,0,0,0,0,0,0,0,0,0,0,0,1997,1
336,0,0,0,0,0,1,0,0,0,0,0,0,0,0,0,1,0,0,1997,1
337,0,0,0,0,1,0,0,1,0,0,0,0,0,0,0,1,0,0,1997,1
338,0,0,0,0,1,0,0,0,0,0,0,0,0,0,0,0,0,0,1997,1
339,1,0,0,0,0,0,0,1,0,0,0,0,0,0,0,0,0,0,1997,1
340,0,0,0,0,0,0,0,1,0,0,0,0,0,0,0,0,0,0,1997,1
341,0,0,0,0,1,0,0,0,0,0,0,0,0,0,0,0,0,0,1997,1
342,0,0,0,0,1,0,0,0,0,0,0,0,1,0,0,0,0,0,1997,1
343,1,0,0,0,0,0,0,0,0,0,1,0,0,0,1,0,0,0,1997,1
344,0,0,0,0,0,0,0,1,0,0,0,0,0,0,0,0,0,0,1997,12
345,0,0,0,0,1,0,0,1,0,0,0,0,0,0,0,0,0,0,1997,1
346,0,0,0,0,0,1,0,1,0,0,0,0,0,0,0,0,0,0,1997,1
347,0,0,0,0,1,0,0,1,0,0,0,0,0,0,0,0,0,0,1998,1
348,0,0,0,0,0,1,0,1,0,0,0,0,0,0,0,1,0,0,1998,1
349,1,0,0,0,0,0,0,0,0,0,0,0,0,0,0,1,0,0,1998,1
350,1,0,0,0,0,0,0,0,0,0,0,0,1,0,0,1,0,0,1998,1
351,0,0,0,0,0,0,0,0,0,0,1,0,0,0,0,0,0,0,1998,1
352,0,0,0,0,1,0,0,0,0,0,0,1,0,0,0,0,0,0,1997,1
353,1,0,0,0,0,0,0,0,0,0,1,0,0,0,1,0,0,0,1998,1
354,0,0,0,0,1,0,0,0,0,0,0,0,0,1,0,0,0,0,1998,2
355,0,1,0,0,0,0,0,0,0,0,0,0,0,0,1,1,0,0,1998,2
356,0,0,0,0,0,0,0,1,0,0,0,0,1,0,0,1,0,0,1994,1
357,0,0,0,0,0,0,0,1,0,0,0,0,0,0,0,0,0,0,1975,1
358,1,1,0,0,0,0,0,0,0,0,0,0,0,0,1,1,0,0,1997,8
359,0,0,0,0,0,0,0,0,0,0,0,0,0,0,0,1,0,0,1997,1
360,0,0,0,0,0,0,1,0,0,0,0,0,0,0,0,0,0,0,1997,1
361,0,0,0,0,0,1,0,0,0,0,0,0,0,0,0,1,0,0,1997,1
362,1,0,0,0,1,0,0,0,0,0,0,1,0,0,0,0,0,0,1998,2
363,1,0,0,0,0,0,0,0,0,0,0,0,0,0,0,0,0,0,1995,1
364,0,0,0,0,1,0,0,0,0,0,0,0,0,0,0,0,0,0,1995,1
365,0,0,0,0,0,0,0,1,0,0,0,0,0,0,0,0,0,0,1995,1
366,0,0,0,0,0,0,0,1,0,0,0,0,0,0,0,0,0,0,1995,1
367,0,0,0,0,1,0,0,0,0,0,0,0,0,0,0,0,0,0,1995,1
368,0,0,0,0,1,0,0,0,0,0,0,0,0,0,0,0,0,0,1996,1
369,0,0,0,0,1,0,0,0,0,0,0,0,0,0,0,0,0,0,1996,2
370,0,0,0,0,0,0,0,1,0,0,0,0,0,0,0,1,0,0,1996,2
371,0,0,0,0,0,0,0,1,0,0,0,0,0,1,0,0,0,0,1996,2
372,0,0,0,0,1,0,0,0,0,0,0,0,0,0,0,0,0,0,1995,1
373,1,1,0,0,0,0,0,0,0,0,0,0,0,0,1,0,0,0,1995,1
374,1,0,0,1,0,0,0,0,0,0,0,0,0,0,0,0,0,0,1995,1
375,0,0,0,0,0,0,0,1,0,0,0,0,0,0,0,0,0,0,1995,1
376,0,0,0,0,1,0,0,0,0,0,0,0,0,0,0,0,0,0,1994,1
377,0,0,0,1,1,0,0,0,0,0,0,0,0,0,0,0,0,0,1994,1
378,0,0,0,0,0,0,0,1,0,0,0,0,0,0,0,0,0,0,1994,1
379,0,0,0,0,0,0,0,0,0,0,1,0,0,0,0,0,0,0,1995,1
380,1,1,0,0,0,0,0,0,0,0,0,0,0,0,1,0,0,0,1994,1
381,0,0,0,0,1,0,0,0,0,0,0,0,0,1,0,0,0,0,1994,1
382,0,0,0,0,1,0,0,1,0,0,0,0,0,0,0,0,0,0,1994,1
383,0,0,0,1,1,0,0,0,0,0,0,0,0,0,0,0,0,0,1994,1
384,0,0,0,0,1,0,0,0,0,0,0,0,0,0,0,0,0,0,1994,1
385,1,1,0,0,1,0,0,0,0,0,0,0,0,1,0,0,0,0,1994,1
386,0,0,0,0,1,0,0,0,0,0,0,0,0,0,0,0,0,0,1993,1
387,0,0,0,0,0,0,0,1,0,0,0,0,0,0,0,0,0,0,1993,1
388,1,0,0,0,1,0,0,0,0,0,0,0,0,0,0,0,0,0,1994,1
389,0,1,0,1,0,0,0,0,0,0,0,0,0,0,0,0,0,0,1994,1
390,0,0,0,0,1,0,0,0,0,0,0,0,0,0,0,0,0,0,1993,1
391,1,0,0,0,1,0,0,0,0,0,0,0,0,0,0,0,0,0,1993,1
392,0,0,0,0,0,0,0,1,0,0,0,0,0,0,0,0,0,0,1993,1
393,0,0,0,0,1,0,0,0,0,0,0,0,0,0,0,0,0,0,1993,1
394,0,0,0,0,1,0,0,0,0,0,0,0,1,1,0,0,0,0,1994,1
395,0,0,0,0,1,0,0,0,0,0,0,0,0,0,0,0,0,0,1993,1
396,0,0,0,0,1,1,0,0,0,0,1,0,0,0,0,0,0,0,1994,1
397,1,0,0,0,0,0,0,0,0,0,0,0,0,0,0,0,0,0,1993,1
398,1,1,0,1,0,0,0,0,0,0,0,0,0,0,1,0,0,0,1993,1
399,1,1,0,0,1,0,0,0,0,0,0,0,0,0,0,0,0,0,1993,1
400,0,0,0,1,1,0,0,0,0,0,0,0,0,0,0,0,0,0,1994,1
401,0,0,0,0,1,0,0,0,0,0,0,0,0,0,0,0,0,0,1995,1
402,0,0,0,0,1,0,0,0,0,0,0,0,0,1,0,1,0,0,1990,1
403,1,1,0,0,0,1,0,1,0,0,0,0,0,0,0,0,0,0,1989,1
404,0,0,1,1,0,0,0,0,0,0,0,0,0,0,0,0,0,0,1940,1
405,1,1,0,0,0,0,0,0,0,0,0,0,1,0,0,0,0,0,1996,5
406,0,0,0,0,0,0,0,0,0,0,1,0,0,0,0,1,0,0,1996,10
407,0,0,0,0,1,0,0,0,0,0,0,0,0,0,0,0,0,0,1996,5
408,0,0,1,0,1,0,0,0,0,0,0,0,0,0,0,1,0,0,1996,4
409,0,0,0,0,1,0,0,1,0,0,0,0,0,0,0,0,0,0,1996,8
410,0,0,0,0,1,0,0,0,0,0,0,0,0,0,0,0,0,0,1996,7
411,0,0,0,0,1,0,0,0,1,0,0,0,0,1,1,0,0,0,1996,6
412,0,0,0,0,1,0,0,0,0,0,0,0,0,0,0,0,0,0,1996,8
413,0,0,0,0,0,0,0,0,0,0,1,0,0,0,0,0,0,0,1996,7
414,0,0,0,0,1,0,0,0,0,0,0,0,0,0,0,0,0,0,1982,1
415,0,0,0,1,1,0,0,0,0,0,0,0,0,0,0,0,0,1,1975,1
416,0,0,0,1,0,0,0,1,0,0,0,0,0,0,0,0,0,0,1957,1
417,0,0,0,1,0,0,0,1,0,0,0,0,0,0,0,0,0,0,1961,1
418,0,0,1,1,0,0,0,0,0,0,0,1,0,0,0,0,0,0,1950,1
419,0,0,0,1,1,0,0,0,0,0,0,1,0,0,0,0,0,0,1964,1
420,0,0,1,1,0,0,0,0,0,0,0,1,0,0,0,0,0,0,1951,1
421,0,0,0,0,0,0,0,1,0,0,0,0,0,1,0,0,0,0,1996,10
422,0,0,1,1,1,0,0,0,0,0,0,0,0,0,0,0,0,0,1996,1
423,0,0,0,1,0,0,0,1,1,0,0,0,0,0,1,0,0,0,1982,1
424,0,0,0,0,0,0,0,0,0,0,1,0,0,0,0,0,0,0,1996,1
425,0,0,0,0,1,0,0,0,0,0,0,0,0,0,0,0,0,0,1992,1
426,1,0,1,1,0,0,0,0,0,0,0,0,0,0,1,1,1,0,1986,1
427,0,0,0,0,0,0,0,1,0,0,0,0,0,0,0,0,0,0,1962,1
428,0,0,0,0,1,0,0,0,0,0,0,0,0,0,0,0,0,0,1971,1
429,0,0,0,0,0,0,0,1,0,0,0,0,0,0,1,0,0,0,1951,1
430,0,0,0,0,1,0,0,0,0,0,0,0,0,0,0,0,1,0,1933,1
431,1,1,0,0,0,0,0,0,0,0,0,0,0,0,0,0,0,0,1986,1
432,0,0,1,1,0,0,0,0,0,0,0,1,0,0,0,0,0,0,1940,1
433,0,0,0,0,1,0,0,0,0,0,0,0,0,0,0,0,0,0,1989,1
434,0,0,0,0,0,0,0,0,0,0,0,0,0,0,1,0,0,0,1956,1
435,1,0,0,0,1,0,0,0,0,0,0,0,0,0,0,0,0,1,1969,1
436,0,0,0,0,0,0,0,0,0,0,1,0,0,0,0,0,0,0,1981,1
437,0,0,0,0,0,0,0,0,0,0,1,0,0,0,0,0,0,0,1992,1
438,0,0,0,0,0,0,0,0,0,0,1,0,0,0,0,0,0,0,1983,1
439,0,0,0,0,0,0,0,0,0,0,1,0,0,0,0,0,0,0,1993,1
440,0,0,0,0,0,0,0,0,0,0,1,0,0,0,0,0,0,0,1982,1
441,0,0,0,0,0,0,0,0,0,0,1,0,0,0,0,0,0,0,1979,1
442,0,0,0,0,0,0,0,0,0,0,1,0,0,0,0,0,0,0,1990,1
443,0,0,0,0,0,0,0,0,0,0,1,0,0,0,0,0,0,0,1963,1
444,0,0,0,0,0,0,0,0,0,0,1,0,0,0,1,0,0,0,1958,1
445,0,0,0,0,0,0,0,0,0,0,1,0,0,0,0,0,0,0,1945,1
446,0,0,0,0,0,0,0,0,0,0,1,0,0,0,0,0,0,0,1976,1
447,0,0,0,0,0,0,0,0,0,0,1,0,0,0,0,0,0,0,1976,1
448,0,0,0,0,0,0,0,0,0,0,1,0,0,0,0,0,0,0,1976,1
449,1,1,0,0,0,0,0,0,0,0,0,0,0,0,1,0,0,0,1979,1
450,1,1,0,0,0,0,0,0,0,0,0,0,0,0,1,0,0,0,1989,1
451,0,0,0,0,1,0,0,0,0,0,0,1,0,1,0,0,0,0,1978,1
452,1,0,0,0,0,0,0,0,0,0,1,0,0,0,0,0,0,0,1978,1
453,1,0,0,0,0,0,0,0,0,0,1,0,0,0,0,0,0,0,1983,1
454,0,0,0,0,0,0,0,1,0,0,0,0,0,0,0,0,0,0,1996,12
455,1,0,0,0,0,0,0,0,0,0,0,0,0,0,0,0,0,0,1997,1
456,1,0,0,0,1,0,0,0,0,0,0,0,0,0,0,0,0,0,1997,1
457,0,1,0,1,0,0,0,1,0,0,0,0,0,0,0,0,0,0,1997,8
458,0,0,0,0,0,0,0,1,0,0,0,0,0,0,0,0,0,0,1995,1
459,0,0,0,0,0,0,0,1,0,0,0,0,0,0,0,0,0,0,1995,1
460,0,0,0,0,0,0,0,1,0,0,0,0,0,0,0,0,0,0,1995,1
461,0,0,0,0,0,0,0,1,0,0,0,0,0,0,0,0,0,0,1995,1
462,0,0,0,0,0,0,0,1,0,0,0,0,0,1,0,0,0,0,1992,1
463,0,1,0,0,0,0,0,0,0,0,0,0,0,0,0,0,0,0,1994,1
464,0,0,0,0,0,0,0,1,0,0,0,0,0,0,0,0,0,0,1994,1
465,0,1,0,1,0,0,0,0,0,0,0,0,0,1,0,0,0,0,1994,1
466,0,0,0,0,0,0,0,0,0,0,0,0,0,0,0,1,0,0,1992,1
467,0,0,0,0,0,0,0,1,0,0,0,0,0,0,0,0,0,0,1993,1
468,0,0,0,0,0,0,0,1,0,0,0,0,0,0,0,0,0,0,1993,1
469,0,0,0,0,0,0,0,1,0,0,0,0,0,0,0,0,0,0,1993,1
470,0,0,0,0,0,0,0,0,0,0,0,0,0,0,0,0,0,1,1993,1
471,0,0,0,0,0,0,0,1,0,0,0,0,0,0,0,0,1,0,1996,3
472,1,1,0,0,0,0,0,0,1,0,0,0,0,0,0,0,0,0,1996,5
473,0,0,1,1,0,0,0,0,0,0,0,1,0,0,0,0,0,0,1996,4
474,0,0,0,0,0,0,0,0,0,0,0,0,0,0,1,0,1,0,1963,1
475,0,0,0,0,0,0,0,1,0,0,0,0,0,0,0,0,0,0,1996,7
476,0,0,0,0,1,0,0,0,0,0,0,0,0,0,0,0,0,0,1996,9
477,0,0,0,1,1,0,0,0,0,0,0,0,0,0,0,0,0,0,1996,8
478,0,0,0,0,1,0,0,0,0,0,0,0,0,1,0,0,0,0,1940,1
479,0,0,0,0,0,0,0,0,0,0,0,0,1,0,0,1,0,0,1958,1
480,0,0,0,0,1,0,0,0,0,0,0,0,0,0,0,1,0,0,1959,1
481,0,0,0,0,1,0,0,1,0,0,0,0,0,0,0,0,0,0,1960,1
482,0,0,0,0,1,1,0,0,0,0,0,0,0,0,0,0,0,0,1959,1
483,0,0,0,0,0,0,0,1,0,0,0,0,0,1,0,0,1,0,1942,1
484,0,0,0,0,0,0,0,0,0,1,0,0,1,0,0,0,0,0,1941,1
485,0,0,0,0,0,0,0,0,0,0,0,1,0,1,0,0,0,0,1964,1
486,0,0,0,0,1,0,0,0,0,0,0,0,0,1,0,0,0,0,1954,1
487,0,0,0,0,1,0,0,0,0,0,0,0,0,1,0,0,0,0,1953,1
488,0,0,0,0,0,0,0,0,0,1,0,0,0,0,0,0,0,0,1950,1
489,0,0,0,0,0,0,0,0,0,1,0,0,0,1,0,1,0,0,1946,1
490,0,0,0,0,1,0,0,0,0,0,0,0,0,1,0,1,0,0,1955,1
491,1,1,0,0,0,0,0,0,0,0,0,0,0,0,0,0,0,0,1938,1
492,0,0,0,0,0,0,0,1,0,0,0,0,0,0,0,0,0,0,1955,1
493,0,0,0,0,0,0,0,0,0,0,0,0,1,0,0,0,0,0,1934,1
494,0,0,0,0,1,0,0,0,0,0,0,0,0,0,0,0,0,0,1940,1
495,0,1,0,0,1,0,0,0,0,0,0,0,0,0,0,0,0,0,1956,1
496,0,0,0,0,0,0,0,1,0,0,0,0,0,0,0,0,0,0,1946,1
497,0,0,0,0,1,0,0,0,0,0,0,0,0,0,0,0,0,0,1938,1
498,1,1,0,0,0,0,0,0,0,0,0,0,0,1,0,0,1,0,1951,1
499,0,0,0,0,0,0,0,1,0,0,0,0,0,0,0,0,0,0,1958,1
500,0,1,0,1,0,0,0,0,0,0,0,0,0,0,0,0,0,0,1996,9
501,0,0,1,1,0,0,0,0,0,0,0,1,0,0,0,0,0,0,1941,1
502,0,0,0,0,1,0,0,0,0,0,0,0,0,0,0,0,1,0,1971,1
503,0,0,0,0,0,0,0,1,0,0,0,0,0,0,0,0,0,0,1972,1
504,0,0,0,0,0,1,0,1,0,0,0,0,0,0,0,0,0,0,1967,1
505,0,0,0,0,0,0,0,0,0,0,0,0,1,0,0,1,0,0,1954,1
506,0,0,0,0,0,0,0,1,0,0,0,0,0,0,0,0,0,0,1955,1
507,0,0,0,0,0,0,0,1,0,0,0,0,0,0,0,0,0,0,1951,1
508,0,0,0,0,0,0,0,1,0,0,0,0,0,0,0,0,0,0,1996,12
509,0,0,0,0,0,0,0,1,0,0,0,0,0,0,0,0,0,0,1989,1
510,1,0,0,0,0,0,0,1,0,0,0,0,0,0,0,0,0,1,1954,1
511,0,1,0,0,0,0,0,0,0,0,0,0,0,0,0,0,1,0,1962,1
512,0,0,0,0,1,0,0,1,0,0,0,0,0,1,0,0,0,0,1987,1
513,0,0,0,0,0,0,0,0,0,0,0,0,1,0,0,1,0,0,1949,1
514,0,0,0,0,1,0,0,0,0,0,0,0,0,1,0,0,0,0,1977,1
515,1,0,0,0,0,0,0,1,0,0,0,0,0,0,0,0,1,0,1997,4
516,0,0,0,0,1,0,0,0,0,0,0,0,0,0,0,0,0,0,1983,1
517,0,0,0,0,1,0,0,1,0,0,0,0,0,1,0,0,0,0,1979,1
518,0,0,0,0,0,0,0,1,0,0,0,0,0,0,0,0,0,0,1990,1
519,0,1,0,0,0,0,0,0,0,0,0,0,0,0,0,0,0,0,1948,1
520,0,1,0,0,0,0,0,0,0,0,0,0,0,0,0,0,1,0,1963,1
521,0,0,0,0,0,0,0,1,0,0,0,0,0,0,0,0,1,0,1978,1
522,0,0,0,0,1,0,0,1,0,0,0,0,0,0,0,0,0,0,1986,1
523,0,0,0,0,1,0,0,1,0,0,0,0,0,0,0,0,0,0,1967,1
524,0,0,0,0,1,0,0,0,0,0,0,0,0,0,0,0,0,0,1940,1
525,0,0,0,0,0,0,0,0,0,1,0,0,1,0,0,0,0,0,1946,1
526,1,1,0,0,0,0,0,1,0,0,0,0,0,0,0,0,0,0,1959,1
527,0,0,0,0,0,0,0,1,0,0,0,0,0,0,0,0,0,0,1982,1
528,0,0,0,0,0,0,0,1,0,0,0,0,0,0,0,0,1,0,1984,1
529,0,0,0,0,0,0,0,1,0,0,0,0,0,0,0,0,0,0,1985,1
530,0,1,0,0,0,0,0,0,0,0,0,0,0,0,0,0,0,0,1975,1
531,0,0,0,0,0,0,0,1,0,0,0,0,0,1,0,0,0,0,1996,11
532,0,0,0,0,0,0,0,0,0,0,0,0,0,1,0,0,0,0,1997,3
533,0,0,0,0,0,0,0,0,0,0,0,0,1,0,0,0,0,0,1997,3
534,0,0,0,0,0,0,0,1,0,0,0,0,0,0,0,0,0,0,1997,4
535,0,0,0,0,1,0,0,0,0,0,0,0,0,1,0,0,0,0,1997,5
536,0,0,0,0,0,0,0,1,0,0,0,0,0,0,0,0,0,0,1997,5
537,0,0,0,0,0,0,0,1,0,0,0,0,0,0,0,0,0,0,1991,1
538,0,0,1,1,0,0,0,0,0,0,0,1,0,0,0,0,0,0,1997,1
539,0,0,0,1,1,0,0,0,0,0,0,0,0,0,0,0,0,0,1997,1
540,1,0,0,0,0,0,0,0,0,0,0,0,0,0,0,0,0,0,1995,1
541,1,1,0,0,0,0,0,0,0,0,0,0,0,0,0,0,0,0,1995,1
542,0,0,1,1,0,0,0,0,0,0,0,1,0,1,0,0,0,0,1995,1
543,0,0,0,0,0,0,0,1,0,0,0,1,0,0,0,0,0,0,1995,1
544,0,0,0,0,0,1,0,1,0,0,0,0,0,1,0,0,0,0,1996,2
545,0,0,0,0,1,0,0,0,0,0,0,0,0,1,0,0,0,0,1995,1
546,1,0,0,0,0,0,0,0,0,0,0,0,0,0,0,1,0,0,1996,2
547,0,0,0,0,0,1,0,0,0,0,0,0,0,0,0,0,0,0,1996,2
548,0,0,0,1,0,0,0,0,1,0,0,0,0,0,0,0,0,0,1996,2
549,0,0,0,0,0,0,0,1,0,0,0,0,0,1,0,0,1,0,1995,1
550,1,0,0,0,0,0,0,0,0,0,0,0,0,0,0,1,0,0,1995,1
551,0,0,0,0,0,0,0,0,0,0,1,0,0,0,0,0,0,0,1995,1
552,0,0,0,0,0,0,0,0,0,0,0,0,0,0,1,0,0,0,1995,1
553,0,0,0,0,0,0,0,1,0,0,0,0,0,1,0,0,0,0,1995,1
554,1,1,0,0,0,0,0,0,0,0,0,0,0,0,0,0,0,0,1995,1
555,0,0,0,0,0,0,0,1,0,0,0,0,0,0,0,0,0,0,1995,1
556,0,0,0,0,0,0,0,0,0,0,0,0,0,0,0,0,0,1,1995,1
557,0,0,0,0,0,0,0,1,0,0,0,1,0,0,0,0,0,0,1994,1
558,0,0,0,0,0,0,0,1,1,0,0,0,0,0,0,1,0,0,1994,1
559,0,0,0,0,0,0,0,1,0,0,1,0,0,0,0,0,0,0,1994,1
560,0,1,0,1,1,0,0,0,1,0,0,0,0,1,1,0,0,0,1995,1
561,0,0,0,0,0,0,0,1,0,0,1,0,0,0,0,0,0,0,1994,1
562,1,1,0,0,0,0,0,0,0,0,0,0,0,0,0,0,0,1,1995,1
563,0,0,0,0,0,0,0,0,0,0,1,0,0,0,0,0,0,0,1995,1
564,0,0,0,0,1,0,0,0,0,0,1,0,0,0,0,0,0,0,1995,1
565,0,0,0,0,0,0,0,0,0,0,1,0,0,0,0,1,0,0,1995,1
566,1,1,0,0,0,0,0,0,0,0,0,0,0,0,0,1,0,0,1994,1
567,0,0,0,0,0,0,0,0,0,0,1,0,0,0,0,0,0,0,1994,1
568,1,0,0,0,0,0,0,0,0,0,0,0,0,1,0,1,0,0,1994,1
569,0,0,0,0,0,0,0,1,0,0,1,0,0,0,0,0,0,0,1994,1
570,0,0,0,0,0,0,0,0,0,0,0,0,0,0,0,0,0,1,1994,1
571,0,0,0,0,1,0,0,0,0,0,0,0,0,0,0,1,0,0,1993,1
572,1,0,0,0,0,0,0,0,0,0,0,0,0,0,0,1,0,0,1994,1
573,0,0,0,0,0,0,0,0,0,0,1,0,0,0,1,1,0,0,1993,1
574,0,0,0,0,0,0,0,0,0,0,0,0,1,1,0,1,0,0,1993,1
575,0,0,0,0,1,0,0,0,0,0,0,0,0,0,0,0,0,1,1994,1
576,1,1,0,0,0,1,0,0,0,0,0,0,0,0,0,0,0,0,1993,1
577,0,0,0,0,1,0,0,0,0,0,0,0,0,0,1,0,0,0,1993,1
578,1,0,0,0,0,0,0,0,0,0,0,0,0,0,1,0,0,0,1993,1
579,0,0,0,0,1,0,0,0,0,0,0,0,0,0,0,0,0,0,1993,1
580,0,0,0,0,1,0,0,0,0,0,0,0,0,1,0,0,0,0,1995,1
581,0,0,0,0,0,0,0,1,0,0,0,0,0,0,0,1,0,0,1993,1
582,0,0,0,0,0,0,0,1,0,0,0,0,0,1,0,0,0,0,1993,1
583,0,0,0,0,0,1,0,0,0,0,0,0,0,0,0,1,0,0,1993,1
584,0,0,0,1,0,0,0,1,0,0,0,0,0,0,0,0,0,0,1993,1
585,0,0,0,0,1,0,0,0,0,0,0,0,0,0,0,0,0,0,1993,1
586,1,0,0,0,0,0,0,0,0,0,0,0,0,0,0,0,0,0,1994,1
587,0,0,0,0,0,0,0,1,0,0,0,0,1,0,0,0,0,0,1993,1
588,0,0,1,1,0,0,0,0,0,0,0,1,0,0,0,0,0,0,1991,1
589,0,0,0,0,0,0,0,0,0,0,0,0,0,0,0,0,0,1,1969,1
590,1,0,0,0,0,0,0,0,0,0,1,0,0,0,1,0,0,0,1996,3
591,0,0,0,0,0,0,0,1,0,0,0,0,0,0,0,1,0,0,1996,3
592,0,0,0,0,0,0,0,0,0,0,0,0,1,0,0,1,0,0,1995,1
593,0,0,0,0,0,0,0,0,0,0,0,0,0,0,0,0,1,0,1993,1
594,0,0,0,0,0,0,0,1,0,0,0,0,0,1,0,0,0,0,1996,6
595,0,0,0,0,0,0,0,0,0,0,0,0,0,0,0,1,0,0,1996,8
596,0,0,1,1,0,0,0,0,0,0,0,1,0,0,0,0,0,0,1996,6
597,1,0,0,0,0,0,0,0,0,0,0,0,0,0,0,1,0,0,1996,6
598,0,0,0,0,1,0,0,1,0,0,0,0,0,0,0,0,0,0,1996,9
599,1,0,0,0,0,0,0,0,0,0,0,0,0,0,0,0,0,0,1996,8
600,0,0,0,1,0,0,0,0,0,0,0,0,0,0,0,0,0,0,1996,1
601,0,1,0,0,0,0,0,0,0,0,0,0,0,0,0,0,1,0,1943,1
602,0,0,0,0,0,0,0,0,0,0,0,1,0,1,0,0,0,0,1951,1
603,0,0,0,0,0,0,0,0,0,0,0,0,1,0,0,1,0,0,1954,1
604,0,0,0,0,1,0,0,0,0,0,0,0,0,0,0,0,0,0,1934,1
605,0,0,0,0,0,0,0,0,0,0,0,1,0,0,0,0,0,0,1944,1
606,0,0,0,0,0,0,0,1,0,0,0,0,0,0,0,0,0,0,1950,1
607,0,0,0,0,0,0,0,0,0,0,0,0,0,1,0,1,0,0,1940,1
608,0,0,0,0,0,0,0,0,0,0,0,0,1,1,0,1,0,0,1945,1
609,0,0,0,0,1,0,0,0,0,0,0,0,0,0,0,0,0,0,1950,1
610,0,0,0,0,0,0,0,0,0,0,0,1,0,0,0,0,0,0,1958,1
611,0,0,0,0,0,1,0,0,0,1,0,0,1,0,0,0,0,0,1944,1
612,0,0,0,0,0,0,0,1,0,0,0,0,0,0,0,0,0,0,1937,1
613,0,0,0,0,1,0,0,0,0,0,0,0,0,0,0,0,0,0,1936,1
614,0,0,0,0,0,0,0,1,0,0,0,0,0,0,0,0,0,0,1956,1
615,0,0,0,0,0,0,0,0,0,0,0,0,0,0,0,1,0,0,1935,1
616,0,0,0,0,0,0,0,0,0,0,1,0,0,0,1,0,0,0,1968,1
617,0,0,0,0,0,0,0,1,0,0,0,0,0,0,0,0,0,0,1930,1
618,0,0,0,0,0,0,0,1,0,0,0,0,0,0,0,0,0,0,1955,1
619,0,0,0,0,0,0,0,1,0,0,0,0,0,0,0,1,0,0,1996,9
620,0,0,0,0,0,0,0,1,0,0,0,0,0,0,0,0,0,0,1996,10
621,0,0,0,0,0,0,0,0,0,0,0,0,0,0,0,0,0,1,1955,1
622,0,1,0,1,0,0,0,0,0,0,0,0,0,0,0,0,0,0,1960,1
623,0,0,0,1,1,0,0,0,0,0,0,0,0,0,0,0,0,0,1994,1
624,0,0,1,1,0,0,0,0,0,0,0,1,0,0,0,0,0,0,1945,1
625,0,0,1,1,0,0,0,0,0,0,0,0,0,0,0,0,0,0,1963,1
626,0,0,0,1,0,0,0,1,0,0,0,0,0,0,0,0,0,0,1949,1
627,0,0,0,0,0,0,0,1,0,0,0,0,0,0,0,0,0,0,1991,1
628,0,0,0,0,0,1,0,1,0,0,0,0,0,0,0,0,0,0,1996,10
629,0,0,0,0,1,0,0,0,0,0,0,1,0,0,0,0,0,0,1982,1
630,0,0,0,0,1,0,0,0,0,0,0,1,0,0,0,0,0,0,1965,1
631,1,0,0,0,0,0,0,1,0,0,0,0,0,1,0,0,1,0,1992,1
632,0,0,0,0,0,0,0,1,0,0,0,0,0,0,0,0,0,0,1982,1
633,0,0,0,0,0,0,0,1,0,0,0,0,0,0,0,0,0,0,1938,1
634,0,0,0,0,0,0,1,0,0,0,0,0,0,0,0,0,0,0,1996,10
635,0,0,0,0,0,0,0,0,0,0,1,0,0,0,0,0,0,0,1980,1
636,1,1,0,0,0,0,0,0,0,0,0,0,0,0,1,1,0,0,1981,1
637,0,0,0,0,1,0,0,0,0,0,1,0,0,0,0,0,0,0,1981,1
638,0,0,0,0,0,0,0,1,0,0,0,0,0,0,0,0,0,0,1982,1
639,0,0,0,0,0,0,0,1,0,0,0,0,0,0,0,0,0,0,1979,1
640,0,0,0,0,0,0,0,1,0,0,0,0,0,0,0,0,0,0,1989,1
641,0,0,0,0,0,0,0,1,0,0,0,0,0,0,0,0,1,0,1957,1
642,0,0,0,0,0,1,0,1,0,1,0,0,0,0,0,0,0,0,1990,1
643,0,0,0,0,0,0,0,1,0,0,0,0,0,1,0,0,0,0,1994,1
644,0,0,0,0,0,0,1,0,0,0,0,0,0,0,0,0,0,0,1988,1
645,0,0,0,0,0,0,1,0,0,0,0,0,0,0,0,0,0,0,1990,1
646,0,0,0,0,0,0,0,0,0,0,0,0,0,0,0,0,0,1,1969,1
647,0,0,0,0,0,0,0,1,0,0,0,0,0,0,0,0,1,0,1985,1
648,0,0,0,0,1,0,0,0,0,0,0,0,0,1,0,0,0,0,1952,1
649,0,0,0,0,0,1,0,1,0,0,0,0,0,0,0,1,0,0,1984,1
650,0,0,0,0,0,0,0,1,0,0,0,0,0,0,0,0,0,0,1957,1
651,1,0,0,0,0,0,0,1,0,0,0,0,0,0,0,0,1,0,1989,1
652,0,0,0,0,1,0,0,1,0,0,0,0,0,0,0,0,0,0,1990,1
653,0,0,0,0,0,1,0,0,0,1,0,0,0,0,0,1,0,0,1958,1
654,0,0,0,0,0,0,0,0,0,1,0,0,1,0,0,1,0,0,1974,1
655,0,1,0,0,1,0,0,1,0,0,0,0,0,0,0,0,0,0,1986,1
656,0,0,0,0,0,1,0,0,0,1,0,0,0,0,0,1,0,0,1931,1
657,0,0,0,0,0,0,0,0,0,1,0,0,0,0,0,1,0,0,1962,1
658,0,0,0,0,0,0,0,1,0,0,0,0,0,0,0,0,0,0,1990,1
659,0,0,0,0,1,0,0,0,0,0,0,0,1,0,0,1,0,0,1944,1
660,0,0,0,0,0,0,0,1,0,0,0,0,0,0,0,0,0,0,1991,1
661,0,0,0,0,0,0,0,0,0,0,0,0,0,0,0,0,0,1,1952,1
662,0,0,0,0,0,0,0,1,0,0,0,0,0,1,0,0,0,0,1980,1
663,0,0,0,0,1,0,0,0,0,0,0,0,0,0,0,0,0,0,1979,1
664,0,0,0,0,0,0,0,1,0,0,0,0,0,0,0,0,0,0,1984,1
665,1,0,0,0,0,0,0,0,0,0,1,0,0,0,1,1,0,0,1992,1
666,0,0,0,0,0,0,0,0,0,0,1,0,0,0,0,0,0,0,1974,1
667,0,0,0,0,0,0,0,0,0,0,1,0,0,0,0,0,0,0,1977,1
668,1,0,0,0,0,0,0,0,0,0,1,0,0,0,0,0,0,0,1981,1
669,0,0,0,0,0,0,0,0,0,0,1,0,0,0,0,0,0,0,1991,1
670,0,0,0,0,0,0,0,0,0,0,1,0,0,0,1,1,0,0,1993,1
671,0,0,0,0,0,0,0,0,0,0,1,0,0,0,0,0,0,0,1935,1
672,0,0,0,0,0,0,0,0,0,0,1,0,0,0,0,0,0,0,1992,1
673,0,0,0,0,0,0,0,0,0,1,0,0,0,0,0,1,0,0,1962,1
674,0,0,0,0,0,0,0,0,0,0,1,0,0,0,0,0,0,0,1982,1
676,0,0,0,0,0,0,0,1,0,0,0,0,0,0,0,0,0,0,1996,11
677,0,0,0,0,0,0,1,0,0,0,0,0,0,0,0,0,0,0,1997,1
678,0,0,0,0,0,0,0,1,0,0,0,0,0,0,0,1,0,0,1997,4
679,1,1,0,0,0,0,0,0,0,0,0,0,0,0,0,0,0,0,1981,1
680,1,1,0,0,0,0,0,0,0,0,0,0,0,0,0,0,0,0,1997,8
681,0,0,0,0,0,0,0,0,0,0,1,0,0,0,0,0,0,0,1997,1
682,0,0,0,0,0,0,0,0,0,0,1,0,1,0,0,1,0,0,1997,10
683,0,0,0,0,1,0,0,0,0,0,0,0,0,0,0,0,0,0,1997,1
684,1,0,0,0,0,0,0,0,0,0,0,0,0,0,0,1,0,0,1993,1
685,1,0,0,0,0,0,0,0,0,0,0,0,0,0,0,1,0,0,1996,3
686,1,0,0,0,0,0,0,1,0,0,0,0,0,0,0,0,0,0,1993,1
687,0,0,0,0,1,0,0,0,0,0,0,0,0,0,0,0,1,0,1997,4
688,0,0,0,0,1,0,0,0,0,0,0,0,0,0,0,0,0,0,1997,8
689,1,0,0,0,0,0,0,0,0,0,0,0,0,0,0,1,0,0,1997,1
690,0,0,0,0,0,0,0,1,0,0,0,0,0,0,0,0,1,0,1997,1
691,0,0,0,0,0,0,0,0,0,1,0,0,0,0,1,1,0,0,1998,1
692,0,0,0,0,1,0,0,1,0,0,0,0,0,1,0,0,0,0,1995,1
693,0,0,0,0,0,0,0,1,0,0,0,0,0,0,0,0,0,0,1995,1
694,0,0,0,0,0,0,0,0,0,0,0,0,0,1,0,0,0,0,1995,9
695,0,0,0,0,1,0,0,1,0,0,0,0,0,0,0,0,0,0,1995,1
696,0,0,0,0,0,0,0,1,0,0,0,0,0,0,0,1,0,0,1996,2
697,0,0,0,0,0,0,0,1,0,0,0,0,0,0,0,0,0,0,1995,1
698,0,0,0,0,0,0,0,1,0,0,0,0,0,0,0,0,0,0,1994,1
699,0,0,0,0,0,0,0,1,0,0,0,0,0,0,0,0,0,0,1994,1
700,0,0,0,0,1,0,0,0,0,0,0,0,0,0,0,0,0,0,1995,1
701,0,0,0,0,0,0,1,0,0,0,0,0,0,0,0,0,0,0,1993,1
702,0,0,0,0,1,0,0,0,0,0,0,0,0,1,0,0,0,0,1994,1
703,0,0,0,0,0,0,0,1,0,0,0,0,0,0,0,0,0,0,1994,1
704,0,0,0,0,0,0,0,1,0,0,0,0,0,1,0,0,0,0,1993,1
705,0,0,0,0,0,0,0,0,0,0,0,1,0,1,0,0,0,0,1952,1
706,0,0,0,0,0,0,0,0,0,0,1,0,0,0,0,0,0,0,1996,11
707,0,0,0,0,0,0,0,1,0,0,0,0,0,0,0,0,0,0,1991,1
708,0,0,0,0,0,0,0,1,0,0,0,0,0,0,0,0,0,0,1989,1
709,0,0,0,0,1,0,0,0,0,0,0,0,0,1,0,0,0,0,1992,1
710,0,0,0,0,1,0,0,0,0,0,0,0,0,0,0,0,0,0,1985,1
711,0,0,0,0,0,0,0,1,0,0,0,0,0,0,0,0,0,0,1996,12
712,0,0,0,0,1,0,0,1,0,0,0,0,0,0,0,0,0,0,1987,1
713,0,0,0,0,0,0,0,1,0,0,0,0,0,0,0,0,0,0,1995,12
714,0,0,0,0,0,0,0,1,0,0,0,0,0,1,0,0,0,0,1995,1
715,0,0,0,0,1,0,0,1,0,0,0,0,0,0,0,0,0,0,1995,1
716,0,0,0,0,0,0,0,1,0,0,0,0,0,1,0,0,0,0,1995,1
717,0,0,0,0,0,0,0,1,0,0,0,0,0,0,0,1,0,0,1996,1
718,0,0,0,0,1,0,0,0,0,0,0,0,0,0,0,0,0,0,1996,2
719,0,0,0,0,1,0,0,0,0,0,0,0,0,0,0,0,1,0,1994,1
720,1,1,0,0,0,0,0,1,0,0,0,0,0,1,0,0,0,0,1995,1
721,0,0,0,0,1,0,0,0,0,0,0,0,0,0,0,0,0,0,1995,1
722,0,0,0,0,1,0,0,0,0,0,0,0,0,0,0,0,0,0,1995,1
723,0,0,0,0,1,0,0,1,0,0,0,0,0,0,0,0,0,0,1995,1
724,0,0,0,0,0,0,0,1,0,0,0,0,0,1,0,0,0,0,1995,1
725,0,0,0,0,1,0,0,0,0,0,0,0,0,0,0,0,0,0,1994,1
726,0,0,0,1,0,0,0,1,0,0,0,0,0,0,0,0,0,0,1995,1
727,0,0,0,0,0,0,0,1,0,0,0,0,0,1,0,0,0,0,1994,1
728,0,0,0,0,1,0,0,0,0,0,0,0,0,0,1,0,0,0,1994,1
729,0,0,0,0,0,0,0,1,0,0,0,0,0,0,0,0,0,0,1994,1
730,0,0,0,0,0,0,0,1,0,0,0,0,0,1,0,0,0,0,1996,1
731,0,0,0,0,1,0,0,1,0,0,0,0,0,1,0,0,0,0,1994,1
732,0,0,0,0,1,0,0,0,0,0,0,0,0,1,0,0,0,0,1993,1
733,0,0,0,0,0,0,0,1,0,0,0,0,0,1,0,0,0,0,1994,1
734,0,0,0,0,1,0,0,0,0,0,0,0,0,0,0,0,0,0,1993,1
735,0,0,0,0,0,0,0,1,0,0,0,0,0,0,0,0,0,0,1993,1
736,0,0,0,0,0,0,0,1,0,0,0,0,0,1,0,0,0,0,1993,1
737,0,0,0,0,1,0,0,1,0,0,0,0,0,0,0,0,0,0,1994,1
738,0,0,0,0,1,0,0,0,0,0,0,0,0,1,0,0,0,0,1994,1
739,0,0,0,0,1,0,0,0,0,0,0,0,0,1,0,0,0,0,1990,1
740,0,0,0,0,0,0,0,1,0,0,0,0,0,1,0,0,0,0,1996,4
741,0,0,0,0,0,0,0,1,0,0,0,0,0,0,0,1,0,0,1996,4
742,0,0,0,0,0,0,0,1,0,0,0,0,0,0,0,1,0,0,1996,11
743,1,0,0,0,0,0,0,0,0,0,0,0,0,0,0,1,0,0,1996,8
744,0,0,0,0,0,0,0,1,0,0,0,0,0,0,0,0,1,0,1996,10
745,0,0,0,0,1,0,0,0,0,0,0,0,0,0,0,0,0,0,1972,1
746,0,0,0,0,1,0,0,0,0,0,0,0,0,0,0,0,0,0,1985,1
747,0,0,0,0,1,0,0,0,0,0,0,0,0,1,0,0,0,0,1993,1
748,1,0,0,0,0,0,0,0,0,0,0,0,0,1,0,1,0,0,1997,3
749,0,0,0,0,1,0,0,0,0,0,0,0,0,1,0,0,0,0,1997,1
750,0,0,0,0,0,0,0,1,0,0,0,0,0,0,0,0,0,0,1997,12
751,1,0,0,0,0,0,0,0,0,0,0,0,0,1,0,1,0,0,1997,1
752,1,0,0,0,0,0,0,0,0,0,0,0,0,0,0,1,0,0,1998,2
753,0,0,0,0,0,0,0,1,0,0,0,0,0,0,0,0,0,0,1994,1
754,0,0,0,0,0,1,0,0,0,0,0,0,0,0,0,1,0,0,1997,1
755,1,1,0,1,0,0,0,0,1,0,0,0,0,0,1,0,0,0,1995,1
756,0,0,0,0,1,0,0,0,0,0,0,0,0,0,0,0,0,0,1995,1
757,0,0,0,0,0,0,1,0,0,0,0,0,0,0,0,0,0,0,1995,1
758,0,0,0,0,0,0,0,0,0,0,0,0,0,0,1,1,0,0,1996,1
759,1,0,0,0,0,0,0,0,0,0,0,0,0,0,0,0,0,0,1995,1
760,0,0,0,0,0,0,0,0,0,0,0,0,0,0,1,0,0,0,1995,1
761,1,0,0,0,0,0,0,0,0,0,0,0,0,0,0,1,0,0,1995,1
762,0,0,0,0,0,0,0,1,0,0,0,0,0,0,0,0,0,0,1996,2
763,0,0,0,0,1,0,0,0,0,0,0,0,0,0,0,0,0,0,1996,2
764,0,0,0,0,1,0,0,0,0,0,0,0,0,1,0,0,0,0,1996,3
765,0,0,0,0,1,0,0,0,0,0,0,0,0,1,0,0,0,0,1992,1
766,0,0,0,0,0,0,1,0,0,0,0,0,0,0,0,0,0,0,1996,3
767,0,0,0,0,0,0,0,0,0,0,1,0,0,0,0,0,0,0,1995,1
768,0,1,0,1,0,0,0,0,0,0,0,0,0,0,0,0,0,0,1995,1
769,1,1,0,0,0,0,0,0,0,0,0,0,1,0,1,0,0,0,1995,1
770,0,0,0,0,0,1,0,0,0,1,0,0,1,0,0,1,0,0,1995,1
771,1,0,0,0,0,0,0,0,0,0,0,0,0,0,1,1,0,0,1995,1
772,0,0,0,0,0,0,0,1,0,0,0,0,0,0,0,0,0,0,1995,1
773,0,0,0,0,0,0,0,0,0,0,0,0,0,0,0,1,0,0,1994,1
774,0,0,0,0,0,0,0,0,0,0,1,0,0,0,0,0,0,0,1995,1
775,0,0,0,0,1,0,0,1,0,0,0,0,0,1,0,0,0,0,1995,1
776,0,0,0,0,0,0,0,1,0,0,0,0,0,0,0,0,0,0,1995,1
777,0,0,0,0,0,0,0,0,0,0,1,0,0,0,0,0,0,0,1995,1
778,0,0,0,0,1,0,0,1,0,0,0,0,0,1,0,0,0,0,1995,1
779,1,0,0,0,0,0,0,0,0,0,0,0,0,0,0,0,0,0,1994,1
780,0,0,0,0,1,0,0,0,0,0,0,0,0,0,0,0,0,0,1994,1
781,0,0,0,0,1,0,0,0,0,0,0,0,0,1,0,0,0,0,1995,1
782,0,0,0,0,0,0,0,1,0,0,0,0,0,0,0,0,0,0,1994,1
783,0,0,0,0,1,0,0,0,0,0,0,0,0,1,0,0,0,0,1994,1
784,0,0,0,0,0,0,0,1,0,0,1,0,0,0,0,0,0,0,1993,1
785,0,0,0,0,1,0,0,0,0,0,0,0,0,1,0,0,0,0,1994,1
786,0,0,0,0,1,0,0,0,0,0,0,0,0,1,0,0,0,0,1995,1
787,0,0,0,0,1,0,0,1,0,0,0,0,0,0,0,0,0,0,1995,1
788,0,0,0,0,0,0,0,0,0,0,1,0,0,0,0,1,0,0,1994,1
789,0,0,0,0,1,0,0,1,0,0,0,0,0,0,0,0,0,0,1995,1
790,0,0,0,0,1,0,0,0,0,0,0,0,0,0,0,0,0,0,1995,1
791,0,0,0,1,0,0,0,0,0,0,0,0,0,0,0,0,0,0,1995,1
792,0,0,0,0,1,0,0,0,0,0,0,0,0,0,0,0,0,0,1994,1
793,0,0,0,0,1,0,0,0,0,0,0,0,0,0,0,0,0,0,1994,1
794,0,0,0,0,0,0,0,1,0,0,0,0,0,1,0,0,0,0,1994,1
795,0,0,0,1,1,0,0,0,0,0,0,0,0,0,0,0,0,0,1994,1
796,0,0,0,0,1,0,0,0,0,0,0,0,0,1,0,0,0,0,1994,1
797,1,0,0,0,0,0,0,0,0,0,0,0,0,0,1,0,0,0,1994,1
798,1,0,0,0,0,0,0,0,0,0,0,0,0,0,0,0,0,0,1995,1
799,0,0,0,0,0,0,0,1,0,0,0,0,0,0,0,0,0,0,1995,1
800,0,0,0,0,0,0,0,0,0,0,1,0,0,0,0,1,0,0,1995,1
801,0,0,0,0,1,0,0,0,0,0,0,0,0,0,0,0,0,0,1994,1
802,1,1,0,0,0,1,0,0,0,0,0,0,0,0,0,1,0,0,1993,1
803,1,0,0,0,0,0,0,1,0,0,0,0,0,0,0,0,1,0,1993,1
804,0,0,0,0,1,0,0,0,0,0,0,0,0,0,0,0,0,0,1994,1
805,0,0,0,0,1,0,0,0,0,0,0,0,1,0,0,0,0,0,1993,1
806,1,0,0,0,0,1,0,1,0,0,0,0,0,0,0,0,0,0,1993,1
807,0,0,0,0,0,0,0,1,0,0,0,0,0,0,0,0,0,0,1993,1
808,1,0,0,0,0,0,0,1,0,0,0,0,0,0,0,0,0,0,1993,1
809,1,0,0,0,0,0,0,1,0,0,0,0,1,0,0,0,0,0,1993,1
810,1,0,0,0,0,0,0,0,0,0,0,0,0,0,0,0,0,0,1994,1
811,0,0,0,0,0,0,1,0,0,0,0,0,0,0,0,0,0,0,1993,1
812,0,1,0,1,0,0,0,0,0,0,0,0,0,0,0,0,0,0,1994,1
813,0,0,0,0,0,0,1,0,0,0,0,0,0,0,0,0,0,0,1996,3
814,0,0,0,0,0,0,1,0,0,0,0,0,0,0,0,0,0,0,1994,1
815,0,0,0,0,0,0,0,1,0,0,0,0,0,1,0,0,0,0,1996,11
816,0,0,0,0,0,0,0,0,0,0,1,0,0,0,0,0,0,0,1995,1
817,0,0,0,0,0,0,0,1,0,0,0,0,0,0,0,0,0,0,1996,3
818,0,0,0,0,1,0,0,0,0,0,0,0,0,0,0,0,0,0,1996,3
819,0,0,0,0,1,0,0,0,0,0,0,0,0,0,0,0,0,0,1996,5
820,0,1,1,1,1,0,0,0,1,0,0,0,0,0,0,0,0,0,1996,11
821,0,0,0,0,1,0,0,0,0,0,0,0,0,1,0,0,0,0,1996,4
822,0,0,0,0,0,0,0,1,0,0,0,0,0,0,0,0,0,0,1968,1
823,0,0,0,0,0,1,0,0,0,1,0,0,0,0,0,1,0,0,1996,4
824,0,0,0,0,1,0,0,0,0,0,0,0,0,0,0,0,0,0,1996,5
825,1,0,0,0,0,0,0,0,0,0,0,0,0,0,1,1,0,0,1996,5
826,0,1,0,0,0,0,0,0,0,0,0,0,0,0,0,0,0,0,1996,6
827,1,1,0,0,0,0,0,0,0,0,0,0,0,0,0,1,0,0,1996,12
828,0,1,0,1,0,0,0,0,0,0,0,0,0,0,0,0,0,0,1996,8
829,1,1,0,0,0,0,0,0,0,0,0,0,0,0,0,0,0,0,1996,7
830,1,0,0,0,0,0,0,0,0,0,0,0,1,0,0,1,0,0,1996,5
831,1,1,0,0,0,0,0,0,0,0,0,0,0,0,1,1,0,0,1996,8
832,0,0,0,1,0,0,0,1,1,0,0,0,0,0,0,0,0,0,1996,9
833,1,0,0,0,0,0,0,0,0,0,0,0,0,0,0,0,0,0,1996,9
834,0,0,0,0,0,0,0,0,0,0,1,0,0,0,0,1,0,0,1995,1
835,0,0,0,0,1,0,0,0,0,0,0,1,0,1,0,0,0,0,1934,1
836,0,0,0,0,1,0,0,0,0,0,0,0,0,1,0,0,0,0,1939,1
837,0,0,0,0,0,0,0,1,0,0,0,0,0,0,0,0,0,0,1941,1
838,1,0,0,0,0,0,0,0,0,0,0,0,0,0,0,0,0,0,1996,8
839,0,0,0,0,0,0,0,0,0,0,1,0,0,0,0,1,0,0,1995,1
840,1,0,0,0,0,0,0,1,0,0,0,0,0,0,0,0,0,1,1996,9
841,1,0,0,0,0,0,0,0,0,0,0,0,0,0,0,1,0,0,1996,10
842,0,0,0,1,1,0,0,1,0,0,0,0,0,0,0,0,0,0,1960,1
843,0,0,0,1,1,0,0,0,0,0,0,0,0,0,0,0,0,0,1959,1
844,0,0,0,0,0,1,0,0,0,0,0,0,0,0,0,0,0,0,1996,8
845,0,0,0,0,1,0,0,0,0,0,0,0,0,0,0,0,0,0,1996,9
846,0,0,0,0,0,0,0,1,0,0,0,0,0,1,0,0,0,0,1996,10
847,0,0,0,0,0,0,1,1,0,0,0,0,0,0,0,0,0,0,1996,10
848,0,0,0,0,0,0,0,0,0,1,0,0,0,0,0,1,0,0,1944,1
849,1,0,0,0,0,0,0,0,0,0,0,0,0,1,0,0,0,0,1990,1
850,0,0,0,0,0,0,1,0,0,0,0,0,0,0,0,0,0,0,1996,9
851,0,0,0,0,0,0,0,1,0,0,0,0,0,0,0,0,0,0,1966,1
852,0,0,0,0,0,0,0,1,0,0,0,0,0,0,0,1,0,0,1996,10
853,0,0,0,0,1,0,0,0,0,0,1,0,0,0,0,0,0,0,1992,1
854,0,0,0,0,1,0,0,0,0,0,1,0,0,0,0,0,0,0,1987,1
855,1,0,0,0,0,0,0,1,0,0,0,0,1,1,0,1,0,0,1981,1
856,0,0,0,0,1,0,0,1,0,0,0,0,0,0,0,0,0,0,1991,1
857,0,0,0,0,0,0,1,0,0,0,0,0,0,0,0,0,0,0,1996,11
858,0,0,0,0,0,0,0,0,0,0,1,0,0,0,0,0,0,0,1996,1
859,0,0,0,0,1,0,0,0,0,0,1,0,0,0,0,0,0,0,1986,1
860,0,0,0,0,0,0,0,0,0,0,1,0,0,0,0,1,0,0,1987,1
861,0,0,0,0,0,0,0,0,0,0,1,0,0,0,0,0,0,0,1986,1
862,0,1,0,1,1,0,0,0,0,0,0,0,0,0,0,0,0,0,1996,11
863,0,0,0,0,0,0,0,1,0,0,0,0,0,0,0,0,0,0,1996,11
864,0,0,0,0,1,0,0,0,0,0,0,0,0,0,0,0,0,0,1996,12
865,0,0,0,0,0,0,0,1,0,0,0,0,0,0,0,0,0,0,1997,1
866,0,0,0,0,1,0,0,0,0,0,0,0,0,1,0,0,0,0,1996,12
867,0,0,0,0,0,0,0,1,0,0,0,0,0,0,0,0,0,0,1996,12
868,0,0,0,0,0,0,0,1,0,0,0,0,0,0,0,0,0,0,1997,1
869,0,0,0,0,1,0,0,0,0,0,0,0,0,1,0,0,0,0,1997,2
870,0,0,0,0,0,0,0,0,0,0,0,0,0,1,0,0,0,0,1997,2
871,0,0,0,0,1,0,0,0,0,0,0,0,0,0,0,0,0,0,1997,2
872,0,0,0,0,0,0,0,0,0,0,0,0,0,1,0,0,0,0,1997,3
873,0,0,0,0,1,0,0,0,0,0,0,0,0,1,0,0,0,0,1997,8
874,0,0,0,0,0,0,0,1,0,0,0,0,0,0,0,0,0,0,1997,8
875,0,0,0,0,0,0,0,1,0,0,0,0,0,1,0,0,0,0,1997,8
876,1,0,0,0,1,0,0,0,0,0,0,0,0,0,0,0,0,0,1997,8
877,0,1,0,0,0,0,0,0,0,0,0,0,0,1,0,0,0,0,1997,1
878,0,0,0,1,1,0,0,0,0,0,0,0,1,0,0,0,0,0,1997,2
879,1,0,0,0,0,0,0,0,0,0,0,0,0,0,0,1,1,0,1997,1
880,0,0,0,0,0,0,0,1,0,0,0,0,0,0,0,0,0,0,1997,1
881,1,0,0,0,1,0,0,0,0,0,0,0,0,0,0,0,0,0,1997,8
882,0,0,0,0,0,0,0,1,0,0,0,0,0,0,0,0,0,0,1997,1
883,0,0,0,0,0,0,0,1,0,0,0,0,0,0,0,0,0,0,1997,1
884,0,0,0,0,0,0,1,0,0,0,0,0,0,0,0,0,0,0,1997,1
885,0,0,0,0,0,0,0,0,0,0,1,0,0,0,0,0,0,0,1998,1
886,0,0,0,0,0,0,0,0,0,0,0,0,0,1,0,1,0,0,1997,1
887,0,0,0,0,0,0,0,1,0,0,0,0,0,0,0,0,0,0,1997,1
888,0,0,0,0,0,0,0,1,0,0,0,0,0,0,0,0,0,0,1997,1
889,0,0,0,0,0,0,0,0,0,0,0,0,0,1,0,0,0,0,1997,1
890,1,1,0,0,0,0,0,0,0,0,0,0,0,0,0,0,0,0,1997,1
891,0,0,0,0,0,0,0,1,0,0,0,0,0,0,0,0,1,0,1997,12
892,0,0,0,1,1,0,0,0,1,0,0,0,0,0,0,0,0,0,1997,1
893,0,0,0,0,1,0,0,0,0,0,0,0,0,0,0,0,0,0,1997,1
894,0,0,0,1,1,0,0,0,0,0,0,0,0,0,0,0,0,0,1997,1
895,0,0,0,0,0,0,0,0,0,0,1,0,0,0,0,1,0,0,1997,1
896,0,0,0,0,0,0,0,1,0,0,0,0,0,0,0,0,0,0,1997,1
897,1,1,0,0,0,0,0,0,0,0,0,0,0,0,1,0,0,0,1995,1
898,0,0,0,0,0,0,0,1,0,0,0,0,0,0,0,0,0,0,1997,1
899,0,0,0,0,0,0,0,1,0,0,0,0,0,0,0,0,0,0,1997,1
900,0,0,0,0,0,0,0,1,0,0,0,0,0,0,0,0,0,0,1997,12
901,0,0,0,0,1,0,0,0,0,0,0,0,0,0,0,0,0,0,1997,12
902,0,0,0,0,1,1,0,0,0,0,0,0,1,0,0,1,0,0,1997,12
903,0,0,0,0,0,0,0,1,0,0,0,0,0,1,0,0,0,0,1997,12
904,0,0,0,0,1,0,0,1,0,0,0,0,0,0,0,0,0,0,1997,12
905,0,0,0,0,0,0,0,1,0,0,0,0,0,1,0,0,0,0,1998,1
906,0,0,0,0,0,0,0,1,0,0,0,0,0,1,0,0,0,0,1997,12
907,0,0,0,0,1,0,0,0,0,0,0,0,0,0,0,0,0,0,1997,1
908,0,0,0,0,1,0,0,0,0,0,0,0,0,0,0,0,0,0,1998,1
909,0,0,0,0,0,0,0,1,0,0,0,0,0,0,0,0,0,0,1998,1
910,0,0,0,0,0,0,0,1,0,0,0,0,0,0,0,0,0,0,1998,2
911,0,0,0,0,0,1,0,1,0,0,0,0,0,0,0,0,0,0,1998,1
912,1,0,0,0,0,0,0,0,0,0,0,0,0,0,0,1,0,0,1998,3
913,0,0,0,0,1,0,0,0,0,0,0,0,0,0,0,0,0,0,1998,3
914,0,0,0,0,0,1,0,1,0,0,0,0,1,0,0,1,0,0,1998,3
915,0,0,0,0,0,0,0,1,0,0,0,0,0,0,0,0,0,0,1998,3
916,1,0,0,0,0,0,0,0,0,0,0,0,0,0,1,1,0,0,1998,3
917,1,0,0,0,0,0,0,1,0,0,0,0,0,0,0,1,0,0,1998,3
918,0,0,0,0,0,0,0,0,0,0,0,0,0,1,0,0,0,0,1998,4
919,0,1,0,0,0,0,0,0,0,0,0,0,0,0,1,0,0,0,1995,1
920,0,0,0,0,0,0,0,1,0,0,0,0,0,0,0,0,0,0,1995,1
921,0,0,0,0,0,0,0,1,0,0,0,0,0,1,0,0,0,0,1993,1
922,0,0,0,0,0,0,0,0,0,0,0,0,0,0,0,0,0,1,1996,5
923,0,0,0,0,0,0,0,1,0,0,0,0,0,0,0,0,0,0,1991,1
924,0,1,0,0,0,0,0,1,0,0,0,0,0,0,0,0,0,0,1996,1
925,0,0,0,0,0,0,0,0,0,0,0,0,0,0,1,1,0,0,1996,2
926,0,0,0,0,1,0,0,0,0,0,0,0,0,0,0,0,0,0,1996,3
927,0,0,0,0,0,0,0,1,0,0,0,0,0,0,0,0,0,0,1996,3
928,0,0,0,0,0,0,0,1,0,0,1,0,0,0,0,0,0,0,1996,4
929,0,0,0,1,1,0,0,0,0,0,0,0,0,0,0,0,0,0,1996,7
930,1,1,0,0,0,0,0,0,0,0,0,0,0,0,0,1,0,0,1996,7
931,0,0,0,0,0,0,0,0,0,0,0,0,0,0,1,1,0,0,1996,8
932,0,0,0,1,1,0,0,0,0,0,0,0,0,0,0,0,0,0,1996,8
933,0,0,0,0,0,0,0,1,0,0,0,0,0,0,0,0,0,0,1996,10
934,0,0,0,0,0,0,0,1,0,0,0,0,0,0,0,0,0,0,1996,12
935,0,0,0,0,0,0,0,1,0,0,0,0,0,0,0,0,1,0,1997,4
936,0,0,0,0,1,0,0,1,0,0,0,0,0,1,0,0,0,0,1997,6
937,0,0,0,0,0,0,0,1,0,0,0,0,0,0,0,0,0,0,1997,1
938,0,0,0,0,1,0,0,0,0,0,0,0,0,1,0,0,0,0,1997,1
939,0,0,0,0,0,0,0,1,0,0,0,0,0,0,0,1,0,0,1995,1
940,0,0,0,0,1,0,0,0,0,0,0,0,0,0,0,0,0,0,1994,1
941,0,0,0,0,1,0,0,1,0,0,0,0,0,0,0,0,0,0,1994,1
942,0,0,0,0,0,0,0,1,0,0,0,0,0,0,0,0,0,0,1993,1
943,0,0,0,0,0,0,0,0,0,0,0,0,0,0,0,1,0,0,1994,1
944,0,0,0,0,1,0,0,1,0,0,0,0,0,0,0,0,1,0,1994,1
945,0,0,0,0,1,0,0,0,0,0,0,0,1,1,0,1,0,0,1963,1
946,0,0,1,1,0,0,0,0,0,0,0,0,0,0,0,0,0,0,1981,1
947,0,1,0,0,0,0,0,0,0,0,0,0,0,1,0,0,0,0,1988,1
948,0,0,0,0,1,0,0,0,0,0,0,0,0,1,0,0,0,0,1997,2
949,0,0,0,0,0,0,0,1,0,0,0,0,0,1,0,0,0,0,1995,1
950,0,0,0,0,0,0,0,1,0,0,0,0,0,0,0,0,0,0,1995,1
951,0,1,0,1,0,0,0,0,1,0,0,0,0,0,0,0,0,0,1995,1
952,0,0,0,0,1,0,0,0,0,0,0,0,0,0,0,0,0,0,1995,1
953,0,0,0,0,1,0,0,1,0,0,0,0,0,0,0,0,0,0,1995,1
954,0,0,0,0,0,0,1,0,0,0,0,0,0,0,0,0,0,0,1995,1
955,0,0,0,0,0,0,0,1,0,0,0,0,0,1,0,0,0,0,1995,1
956,0,0,0,0,0,0,0,1,0,0,0,0,0,0,0,0,0,0,1994,1
957,0,0,0,0,1,0,0,0,0,0,0,0,0,0,0,0,0,0,1992,1
958,0,0,0,0,0,0,0,1,0,0,0,0,0,0,0,0,0,0,1994,1
959,0,0,0,0,1,0,0,0,0,0,0,0,0,0,0,0,0,0,1993,1
960,0,0,0,0,0,0,0,1,0,0,0,0,0,0,0,0,0,0,1993,1
961,0,0,0,0,0,0,0,1,0,0,0,0,0,0,0,0,0,0,1993,1
962,0,0,0,0,0,0,0,1,0,0,0,0,0,0,0,0,0,0,1993,1
963,0,0,0,0,0,0,0,1,0,0,0,0,0,0,0,1,0,0,1993,1
964,0,0,0,0,1,0,0,1,0,0,0,0,0,0,0,0,0,0,1995,1
965,0,0,0,0,1,0,0,0,0,0,0,1,0,0,0,0,0,0,1957,1
966,0,0,0,0,0,0,0,0,0,0,0,0,0,1,0,0,0,0,1957,1
967,0,0,0,0,0,0,0,1,0,0,0,0,0,0,0,0,0,0,1936,1
968,0,0,0,0,0,0,0,0,0,0,0,1,0,0,0,0,0,0,1949,1
969,0,0,1,1,0,0,0,0,0,0,0,0,0,0,0,0,0,0,1968,1
970,0,0,0,0,1,0,0,0,0,0,0,0,0,0,0,0,0,0,1991,1
971,0,0,0,0,1,0,0,0,0,0,0,0,0,0,0,0,1,0,1991,1
972,0,0,0,0,0,0,0,1,0,0,0,0,0,0,0,0,0,0,1992,1
973,0,0,0,0,0,0,1,0,0,0,0,0,0,0,0,0,0,0,1996,10
974,0,0,0,0,0,0,0,1,0,0,0,0,0,0,0,1,0,0,1996,1
975,0,0,0,0,0,0,0,0,0,0,0,0,0,0,0,1,0,0,1996,4
976,1,0,0,0,0,0,0,0,0,0,0,0,0,0,1,1,0,0,1996,8
977,1,0,0,0,0,0,0,0,0,0,0,0,0,0,0,0,0,0,1996,4
978,0,0,0,0,0,0,0,0,0,0,0,0,1,0,0,1,0,0,1996,5
979,0,0,0,0,0,0,0,1,0,0,0,0,0,0,0,1,0,0,1996,8
980,0,0,0,0,0,0,0,1,0,0,0,0,0,0,0,0,0,0,1996,11
981,0,0,0,0,0,0,0,1,0,0,0,0,0,0,0,0,0,0,1996,9
982,1,1,0,0,0,0,0,0,0,0,0,0,0,0,0,1,0,0,1996,9
983,0,0,0,0,0,0,0,0,0,0,0,0,0,0,0,1,0,0,1996,9
984,0,0,0,0,0,0,0,0,0,0,0,0,0,0,0,1,0,0,1997,1
985,0,0,0,0,0,0,0,1,0,0,0,0,0,0,0,0,0,0,1996,11
986,0,0,0,0,0,0,0,0,0,0,0,0,0,0,0,1,0,0,1997,1
987,0,0,0,0,0,0,0,0,0,0,0,0,0,0,0,1,0,0,1997,5
988,0,0,0,0,1,0,0,0,0,0,0,0,0,1,0,0,0,0,1997,2
989,0,0,1,1,0,0,0,0,0,0,0,1,0,0,0,0,0,0,1997,3
990,0,0,0,0,0,0,0,1,0,0,0,0,0,1,0,0,0,0,1997,4
991,0,0,0,0,0,1,0,0,0,0,0,0,0,0,0,0,0,0,1997,4
992,0,0,0,0,1,0,0,0,0,0,0,0,0,0,0,1,0,0,1997,6
993,0,1,1,1,1,0,0,0,0,0,0,1,0,0,0,0,0,0,1997,6
994,0,0,0,0,0,0,0,1,0,0,0,0,0,0,0,0,0,0,1997,6
995,0,0,0,0,1,0,0,0,0,0,0,0,0,0,0,0,0,0,1997,1
996,0,0,0,1,1,0,0,0,0,0,0,0,0,0,0,0,0,0,1995,1
997,0,0,0,0,1,0,0,0,0,0,0,0,0,0,0,0,0,0,1995,1
998,0,0,0,0,1,0,0,0,0,0,0,0,0,0,0,0,0,0,1994,1
999,0,0,0,0,1,0,0,0,0,0,0,0,0,0,0,0,0,0,1994,1
1000,0,0,0,0,1,0,0,0,0,0,0,0,0,0,0,0,0,1,1994,1
1001,0,0,0,0,1,0,0,0,0,0,0,0,0,0,0,0,0,0,1996,8
1002,0,0,0,0,1,0,0,0,0,0,0,0,0,0,0,0,0,0,1997,2
1003,0,0,0,1,1,0,0,0,0,0,0,0,1,0,0,0,0,0,1997,2
1004,0,0,0,0,0,0,0,1,0,0,0,0,0,0,0,0,0,1,1993,1
1005,0,0,0,0,0,0,0,1,0,0,0,0,0,0,0,0,0,0,1991,1
1006,0,0,0,0,0,0,0,1,0,0,0,0,0,0,1,0,0,0,1991,1
1007,0,0,0,0,1,0,0,0,0,0,0,0,0,0,0,0,0,0,1997,1
1008,0,0,0,0,0,0,0,1,0,0,0,0,0,0,0,0,0,0,1996,5
1009,0,0,0,0,0,0,0,1,0,0,0,0,0,0,0,0,0,0,1996,6
1010,0,0,0,0,0,0,0,1,0,0,0,0,0,0,0,0,0,0,1996,8
1011,0,0,0,0,0,1,0,0,0,0,0,0,0,0,0,0,0,0,1996,9
1012,0,0,0,0,1,0,0,1,0,0,0,0,0,0,0,0,0,0,1997,3
1013,1,1,0,0,0,0,0,0,0,0,0,0,0,0,0,1,0,0,1997,4
1014,0,0,0,0,1,0,0,0,0,0,0,0,0,0,0,0,0,0,1997,4
1015,0,0,0,1,0,0,0,1,0,0,0,0,0,0,0,0,0,0,1997,5
1016,1,1,0,0,0,0,0,0,0,0,0,0,0,0,0,1,0,0,1997,6
1017,0,0,0,0,0,0,0,1,0,0,0,0,0,0,0,0,0,0,1996,10
1018,0,0,0,0,0,0,0,1,0,0,0,0,0,0,0,0,0,0,1990,1
1019,1,0,0,0,0,0,0,0,0,0,0,0,0,0,0,1,0,0,1989,1
1020,0,0,0,0,0,0,0,0,0,0,0,0,1,0,0,1,0,0,1944,1
1021,0,0,0,0,0,0,0,1,0,0,0,0,0,0,0,0,0,0,1963,1
1022,0,0,0,0,0,0,1,0,0,0,0,0,0,0,0,0,0,0,1997,1
1023,0,0,0,0,1,0,0,0,0,0,0,0,0,0,0,0,0,0,1997,5
1024,0,0,0,0,0,0,0,0,0,0,0,0,0,1,0,0,0,0,1997,1
1025,1,0,0,0,0,0,0,1,0,0,0,0,0,0,0,1,0,0,1997,1
1026,0,0,0,0,1,0,0,1,0,0,0,0,0,0,0,0,0,0,1997,1
1027,1,0,0,0,0,0,0,0,0,0,0,0,0,0,0,0,0,0,1995,1
1028,0,0,0,0,1,0,0,0,0,0,0,0,0,1,0,0,0,0,1995,1
1029,0,0,0,0,1,0,0,0,0,0,0,0,0,0,0,0,0,0,1995,1
1030,0,0,0,0,1,0,0,0,0,0,0,0,0,0,0,0,0,0,1993,1
1031,0,1,0,1,0,0,0,0,0,0,0,0,0,0,0,0,0,0,1994,1
1032,0,0,0,1,1,0,0,0,0,0,0,0,0,0,0,0,0,0,1994,1
1033,0,1,0,1,0,0,0,0,0,0,0,0,0,0,0,0,0,0,1996,3
1034,1,1,0,0,0,0,0,0,0,0,0,0,0,0,0,0,0,0,1996,4
1035,0,0,0,0,1,0,0,0,0,0,0,0,0,0,0,0,0,0,1993,1
1036,0,0,0,0,1,0,0,0,1,0,0,0,0,0,0,0,0,0,1991,1
1037,0,0,0,0,1,0,0,0,0,0,0,1,0,1,0,0,0,0,1982,1
1038,0,0,0,0,0,0,0,0,0,0,0,0,0,0,0,1,0,0,1997,1
1039,0,0,0,0,0,0,0,1,0,0,0,0,0,0,0,0,0,0,1997,1
1040,0,0,0,0,1,0,0,0,0,0,0,0,0,1,0,0,0,0,1996,1
1041,0,0,0,0,1,0,0,0,0,0,0,0,0,1,0,0,0,0,1995,1
1042,0,0,0,0,0,0,0,0,0,0,0,0,1,0,0,1,0,0,1995,1
1043,0,0,0,0,1,0,0,0,0,0,0,0,0,0,0,0,0,0,1995,1
1044,0,0,0,0,1,0,0,1,0,0,0,0,0,0,0,0,0,0,1994,1
1045,0,0,0,0,0,0,0,1,0,0,0,0,0,0,0,0,0,0,1993,1
1046,0,0,0,0,0,0,0,0,0,0,0,0,0,0,0,1,0,0,1993,1
1047,0,0,0,0,1,0,0,0,0,0,0,0,0,0,0,0,0,0,1996,7
1048,0,0,0,0,1,0,0,0,0,0,0,0,0,1,0,0,0,0,1996,8
1049,0,0,0,0,1,0,0,0,0,0,0,0,0,0,0,0,0,0,1996,8
1050,0,0,0,0,0,0,0,1,0,0,0,0,0,1,0,0,0,0,1947,1
1051,0,0,0,0,1,0,0,0,0,0,0,0,0,0,0,0,0,0,1996,10
1052,0,0,0,0,1,0,0,0,0,0,1,0,0,0,0,0,0,0,1995,1
1053,0,0,0,0,0,0,0,1,0,0,0,0,0,0,0,0,0,0,1995,1
1054,0,0,0,0,1,0,0,0,0,0,0,0,0,0,0,0,0,0,1996,2
1055,0,0,0,0,0,0,0,1,0,0,0,0,0,0,0,0,0,0,1994,1
1056,0,0,0,0,0,0,0,0,0,0,1,0,0,0,0,0,0,0,1992,1
1057,0,0,0,0,1,0,0,0,0,0,0,0,0,0,0,0,0,0,1996,4
1058,0,1,0,0,0,0,0,1,0,0,0,0,0,0,0,0,0,0,1994,1
1059,0,0,0,0,1,0,0,0,0,0,0,0,0,0,0,0,0,0,1996,1
1060,0,1,0,1,0,0,0,0,0,0,0,0,0,0,0,0,0,0,1996,7
1061,0,0,0,0,1,0,0,1,0,0,0,0,0,0,0,0,0,0,1996,12
1062,0,0,0,0,0,0,0,1,0,0,0,0,0,0,0,0,0,0,1998,1
1063,0,0,0,1,0,0,0,1,0,0,0,0,0,0,0,0,0,0,1995,1
1064,0,0,0,0,0,1,0,0,0,1,0,0,0,0,0,0,0,0,1947,1
1065,0,0,0,0,0,0,1,0,0,0,0,0,0,0,0,0,1,0,1983,1
1066,0,0,1,1,0,0,0,0,0,0,0,0,0,0,0,0,0,0,1995,1
1067,0,0,0,0,1,0,0,0,0,0,0,0,0,0,0,0,0,0,1996,2
1068,0,0,0,0,0,0,0,1,0,0,0,0,0,0,0,0,0,0,1996,3
1069,0,0,0,0,0,1,0,1,0,0,0,0,0,0,0,1,0,0,1994,1
1070,0,0,0,0,1,0,0,0,0,0,0,0,0,0,0,0,0,0,1995,1
1071,0,0,0,0,1,0,0,0,0,0,0,0,0,0,0,0,0,0,1995,1
1072,0,0,0,0,1,0,0,0,0,0,0,0,0,1,0,0,0,0,1995,1
1073,0,0,0,0,0,0,0,0,0,0,0,0,0,0,0,1,0,0,1994,1
1074,0,0,0,0,1,0,0,1,0,0,0,0,0,0,0,0,0,0,1994,1
1075,0,0,0,0,0,0,0,1,0,0,0,0,0,0,0,0,0,0,1994,1
1076,1,1,1,1,0,0,0,0,1,0,0,0,0,0,0,0,0,0,1994,1
1077,0,0,0,0,0,0,0,0,0,0,0,0,0,0,0,1,0,0,1994,1
1078,0,0,1,1,0,0,0,0,0,0,0,0,0,0,0,0,0,0,1988,3
1079,0,0,0,0,1,0,0,0,0,0,0,1,0,0,0,0,0,0,1996,7
1080,0,0,0,0,1,0,0,0,0,0,0,0,0,0,0,0,0,0,1996,7
1081,0,0,0,0,0,1,0,0,0,0,0,0,0,0,0,0,0,0,1996,9
1082,0,0,0,0,0,0,0,1,0,0,0,0,0,0,0,0,0,0,1997,4
1083,0,0,0,0,0,1,0,0,0,0,0,0,0,0,0,1,0,0,1997,1
1084,0,0,0,0,0,0,1,0,0,0,0,0,0,0,0,0,0,0,1996,2
1085,0,0,0,0,0,0,0,1,0,0,0,0,0,1,0,0,0,0,1996,3
1086,0,0,0,0,0,0,0,1,0,0,0,0,0,0,0,0,0,0,1996,3
1087,1,0,0,0,0,0,0,0,0,0,0,0,0,0,0,0,0,0,1996,3
1088,1,0,0,0,0,0,0,0,0,0,0,0,0,0,0,0,0,0,1997,4
1089,1,0,0,0,0,0,0,0,0,0,0,0,0,1,0,1,0,0,1997,6
1090,0,0,0,0,0,0,0,0,0,0,0,0,0,0,0,1,0,0,1993,1
1091,0,1,1,1,0,0,0,0,0,0,0,1,0,0,0,0,0,0,1977,1
1092,0,0,0,0,1,0,0,0,0,0,0,0,0,0,0,0,0,0,1996,11
1093,0,0,0,0,1,0,0,0,0,0,0,0,0,0,0,0,0,0,1996,3
1094,0,0,0,0,1,0,0,0,0,0,0,0,0,0,0,0,0,0,1996,4
1095,0,0,0,0,1,0,0,0,0,0,0,0,0,0,0,0,0,0,1996,10
1096,0,0,0,0,0,0,0,0,0,0,0,0,0,1,0,0,0,0,1997,5
1097,0,0,0,0,0,0,0,1,0,0,0,0,0,0,0,0,0,0,1996,2
1098,0,0,0,0,1,0,0,0,0,0,0,0,0,0,0,0,0,0,1996,3
1099,0,0,0,0,0,0,0,1,0,0,0,0,0,0,0,0,0,0,1994,1
1100,0,0,0,0,1,0,0,1,0,0,0,0,0,1,0,0,0,0,1994,1
1101,0,0,0,0,0,0,0,1,0,0,0,0,1,0,0,0,0,0,1993,1
1102,0,0,0,0,1,0,0,0,0,0,0,0,0,1,0,0,0,0,1996,1
1103,0,0,0,0,1,0,0,1,0,0,0,0,0,0,0,0,0,0,1990,1
1104,0,0,0,0,1,1,0,1,0,0,0,0,0,0,0,0,0,0,1992,1
1105,1,1,0,0,0,0,0,0,0,0,0,0,0,0,0,1,0,0,1998,1
1106,0,0,0,0,0,1,0,1,0,0,0,0,0,0,0,0,0,0,1998,3
1107,0,0,0,0,0,0,0,1,0,0,0,0,0,0,0,0,0,0,1995,1
1108,0,0,0,0,0,0,0,1,0,0,0,0,0,0,0,0,0,0,1995,1
1109,0,0,0,0,0,0,0,1,0,0,0,0,0,0,0,1,0,0,1994,1
1110,1,0,0,0,1,0,0,0,0,0,0,1,0,0,1,0,0,0,1995,1
1111,0,0,0,0,0,0,0,1,0,0,0,0,0,0,0,0,0,0,1996,3
1112,0,0,0,0,0,0,0,1,0,0,0,0,0,0,0,0,0,0,1994,1
1113,0,0,0,0,0,0,0,1,0,0,0,0,0,0,0,0,0,0,1994,1
1114,0,0,0,0,1,0,0,0,0,0,0,0,0,0,0,0,0,0,1996,4
1115,0,0,0,0,1,0,0,1,0,0,0,0,0,1,0,0,0,0,1996,10
1116,0,1,0,0,0,0,0,0,0,0,0,0,0,0,0,0,0,0,1940,1
1117,0,0,0,0,0,0,0,1,0,0,0,0,0,0,0,0,0,0,1996,9
1118,0,0,0,0,1,0,0,0,0,0,0,0,0,0,0,0,0,0,1978,1
1119,0,0,0,0,0,0,0,1,0,0,0,0,0,1,0,0,0,0,1987,1
1120,0,0,0,0,1,0,0,0,0,0,0,0,0,0,0,0,0,0,1996,11
1121,0,0,0,0,0,0,0,1,0,0,0,1,0,0,0,0,0,0,1996,4
1122,0,0,0,0,0,1,0,1,0,0,0,0,0,0,0,0,0,0,1939,1
1123,0,0,0,0,0,0,0,1,0,0,0,0,0,0,0,0,0,0,1954,1
1124,0,0,0,0,0,0,0,0,0,0,0,0,0,1,0,0,1,0,1932,1
1125,0,0,0,0,0,0,0,0,0,0,0,0,0,0,0,1,0,0,1961,1
1126,0,1,0,0,0,0,0,1,0,0,0,0,0,0,0,0,0,0,1958,1
1127,0,0,0,0,0,0,0,1,0,0,0,0,0,0,0,0,0,0,1998,1
1128,0,0,0,0,0,0,1,0,0,0,0,0,0,0,0,0,0,0,1996,2
1129,0,0,0,0,0,0,0,1,0,0,0,0,1,1,0,0,0,0,1996,2
1130,0,0,0,0,0,0,1,0,0,0,0,0,0,0,0,0,0,0,1996,2
1131,0,0,0,0,0,0,0,0,0,0,0,0,0,0,0,1,0,0,1995,1
1132,0,0,0,0,0,0,0,1,0,0,0,0,0,1,0,0,0,0,1996,9
1133,0,1,0,1,0,0,0,0,1,0,0,0,0,0,0,0,0,0,1975,1
1134,0,0,0,0,0,0,0,1,0,0,0,0,0,0,0,0,0,0,1996,10
1135,0,0,0,0,0,0,0,1,0,0,0,1,0,0,0,0,0,0,1991,1
1136,0,0,0,0,0,0,0,1,0,0,0,0,0,0,0,0,0,0,1996,12
1137,0,0,0,0,0,0,0,1,0,0,0,0,0,1,0,0,0,0,1996,10
1138,1,0,0,0,1,1,0,1,0,0,0,0,0,0,0,0,0,0,1997,9
1139,1,0,0,0,0,1,0,0,0,0,0,0,0,0,0,1,0,0,1995,1
1140,0,0,0,0,1,0,0,0,0,0,0,0,0,0,0,0,0,0,1994,1
1141,0,0,0,0,0,0,1,0,0,0,0,0,0,0,0,0,0,0,1993,1
1142,0,0,0,0,0,0,1,0,0,0,0,0,0,0,0,0,0,0,1997,2
1143,0,0,0,0,0,1,0,0,0,0,0,0,0,0,0,1,0,0,1997,2
1144,0,0,0,0,0,0,0,1,0,0,0,0,0,0,0,0,0,0,1997,5
1145,0,0,0,0,0,0,0,1,0,0,0,0,0,0,0,0,0,0,1994,1
1146,0,0,0,0,0,0,0,1,0,0,0,0,0,0,0,0,0,0,1993,1
1147,0,0,0,0,0,0,0,1,0,0,0,0,0,0,0,0,0,0,1995,1
1148,0,0,0,0,0,0,0,1,0,0,0,0,0,0,0,0,0,0,1994,1
1149,0,0,0,0,0,0,0,1,0,0,0,0,0,0,0,0,0,0,1971,12
1150,0,0,0,0,0,0,0,1,0,0,0,0,0,0,0,0,0,0,1996,5
1151,0,0,0,0,0,1,0,0,0,0,0,0,0,0,0,0,0,0,1996,5
1152,0,0,0,0,0,0,0,0,0,0,0,0,0,1,0,0,1,0,1997,1
1153,0,0,0,0,0,0,0,1,0,0,0,1,0,0,0,0,0,0,1993,1
1154,0,0,0,0,0,0,0,0,0,0,0,0,0,0,1,0,0,0,1965,1
1155,0,0,0,0,1,0,0,0,0,0,0,0,0,1,0,0,0,0,1996,6
1156,0,0,0,0,0,1,0,1,0,0,0,0,0,0,0,0,0,0,1996,8
1157,0,0,0,0,0,0,0,0,0,0,1,0,0,0,0,0,0,0,1997,1
1158,0,0,0,0,0,0,0,1,0,0,0,0,0,0,0,0,0,0,1996,10
1159,0,0,0,0,0,0,0,0,0,0,0,0,1,0,1,0,0,0,1979,1
1160,0,0,0,0,0,0,0,1,0,0,0,0,0,1,0,0,0,0,1997,5
1161,1,0,0,0,0,0,0,1,0,0,0,0,0,0,0,0,0,0,1996,10
1162,0,0,0,0,1,0,0,0,0,0,0,0,0,0,0,0,0,0,1996,8
1163,0,0,0,0,0,0,0,1,0,0,0,0,0,0,0,0,0,0,1996,12
1164,0,0,0,1,0,0,0,0,0,0,0,0,0,0,0,0,0,0,1997,1
1165,0,0,0,0,1,0,0,1,0,0,0,0,0,0,0,0,0,0,1996,1
1166,0,0,0,0,1,0,0,0,0,0,0,0,0,0,0,0,0,0,1993,1
1167,0,0,0,0,1,0,0,0,0,0,0,0,0,0,0,0,0,0,1994,1
1168,0,0,0,0,0,0,0,1,0,0,0,0,0,0,0,0,0,0,1993,1
1169,0,0,0,0,0,0,0,1,0,0,0,0,0,0,0,0,0,0,1994,1
1170,0,0,0,0,1,0,0,1,0,0,0,0,0,0,0,0,0,0,1994,1
1171,0,0,0,0,0,0,0,1,0,0,0,0,0,0,0,0,0,0,1994,1
1172,0,0,0,0,1,0,0,0,0,0,0,0,0,0,0,0,0,0,1939,1
1173,0,0,0,0,0,0,0,1,0,0,0,0,0,1,0,0,0,0,1997,6
1174,0,0,0,0,0,0,0,1,0,0,0,0,0,0,0,1,0,0,1996,9
1175,0,0,0,0,0,0,0,0,0,0,0,0,0,1,0,0,0,0,1997,1
1176,0,0,0,0,0,0,0,1,0,0,0,0,0,0,0,0,1,0,1997,1
1177,0,0,0,0,1,0,0,0,0,0,0,0,0,0,0,0,0,0,1996,1
1178,0,0,0,0,1,0,0,0,0,0,0,0,0,0,0,0,0,0,1994,1
1179,0,0,0,0,1,0,0,0,0,0,0,0,0,0,0,0,0,0,1995,1
1180,1,0,0,0,1,0,0,0,0,0,0,0,0,0,0,0,0,0,1994,1
1181,1,0,0,0,1,0,0,0,0,0,0,0,0,0,0,0,0,0,1994,1
1182,0,0,0,0,1,0,0,0,0,0,0,0,0,0,0,0,0,0,1994,1
1183,1,0,0,0,1,0,0,0,0,0,0,0,0,0,0,0,0,0,1994,1
1184,0,0,0,0,0,0,1,0,0,0,0,0,0,0,0,0,0,0,1994,1
1185,0,0,0,0,1,0,0,0,0,0,0,0,0,0,0,0,1,0,1994,1
1186,0,0,0,0,1,0,0,1,0,0,0,0,0,0,0,0,0,0,1994,1
1187,0,0,0,0,0,1,0,0,0,0,0,0,0,0,0,0,0,0,1975,5
1188,1,0,0,0,1,0,0,0,0,0,0,0,0,0,0,0,0,1,1990,1
1189,0,0,0,0,0,0,0,1,0,0,0,0,0,0,0,0,0,0,1997,1
1190,0,0,0,0,1,0,0,0,0,0,0,0,0,1,0,0,0,0,1997,4
1191,0,0,0,0,0,1,0,1,0,0,0,0,0,0,0,0,0,0,1998,2
1192,0,0,0,0,0,0,0,1,0,0,0,0,0,0,0,0,0,0,1993,1
1193,0,0,0,0,0,0,0,1,0,0,0,0,0,0,0,0,0,0,1994,1
1194,0,0,0,0,0,1,0,1,0,0,0,0,0,0,0,0,0,0,1994,1
1195,0,0,0,0,0,0,0,1,0,0,0,0,0,0,0,0,0,0,1993,1
1196,0,0,0,0,0,0,0,1,0,0,0,0,0,0,0,0,0,0,1992,1
1197,0,0,0,0,1,0,0,1,0,0,0,0,0,0,0,0,0,0,1996,3
1198,0,0,0,0,0,1,0,0,0,0,0,0,0,0,0,1,0,0,1960,6
1199,0,0,0,0,1,0,0,0,0,0,1,0,0,0,0,0,0,0,1996,4
1200,0,0,0,1,0,0,0,1,0,0,0,0,0,0,0,0,0,0,1950,1
1201,0,0,0,0,0,0,1,0,0,0,0,0,0,0,0,0,0,0,1996,4
1202,0,0,0,0,1,0,0,0,0,0,0,0,0,0,0,0,0,0,1996,7
1203,0,0,0,0,1,0,0,0,0,0,0,1,0,1,0,0,0,0,1935,1
1204,0,0,0,0,1,0,0,1,0,0,0,0,0,0,0,0,1,0,1942,1
1205,0,0,0,0,0,0,0,1,0,0,0,0,0,0,0,0,0,0,1996,11
1206,0,0,0,0,1,0,0,0,0,0,0,0,0,0,0,0,0,0,1993,1
1207,0,0,0,0,0,0,0,0,0,0,0,0,0,0,0,1,0,0,1995,1
1208,0,0,0,0,0,1,0,1,0,0,0,0,0,0,0,1,0,0,1995,1
1209,0,0,0,0,1,0,0,0,0,0,0,0,0,0,0,0,0,0,1994,1
1210,0,0,0,0,0,0,0,0,0,0,0,0,0,0,1,1,0,0,1995,1
1211,0,0,0,0,0,0,0,1,0,0,0,0,0,1,0,0,0,0,1994,1
1212,0,0,0,0,0,0,0,1,0,0,0,0,1,1,0,0,0,0,1993,1
1213,0,0,0,0,0,1,0,1,0,0,0,0,0,0,0,1,0,0,1993,1
1214,0,0,0,0,0,0,0,1,0,0,0,0,0,0,0,0,0,0,1976,3
1215,1,0,0,0,0,0,0,0,0,0,0,0,0,0,1,0,0,0,1996,5
1216,0,0,0,0,0,0,0,0,0,0,0,0,0,1,0,0,0,0,1997,4
1217,0,0,0,0,0,0,0,0,0,0,0,0,0,0,0,1,0,0,1995,1
1218,0,0,0,0,1,0,0,0,0,0,0,0,0,0,0,0,0,0,1995,1
1219,0,0,1,1,1,0,0,0,0,0,0,0,0,1,0,0,0,0,1995,1
1220,0,0,0,0,0,0,0,1,0,0,0,0,0,0,0,0,0,0,1995,1
1221,0,0,0,0,0,0,0,1,0,0,0,0,0,0,0,0,0,0,1994,1
1222,1,0,0,0,0,0,0,0,0,0,0,0,0,0,0,0,0,0,1993,1
1223,0,0,0,0,0,0,0,1,0,0,0,0,0,0,0,0,0,0,1993,1
1224,0,0,0,0,0,0,0,1,0,0,0,0,0,0,0,0,0,0,1994,1
1225,0,0,0,0,1,0,0,0,0,0,0,0,0,0,0,0,0,0,1995,1
1226,0,0,0,0,0,1,0,1,0,0,0,0,0,0,0,0,0,0,1997,5
1227,0,0,0,0,0,0,0,1,0,0,0,0,0,0,0,0,0,0,1995,1
1228,1,0,0,0,0,0,0,0,0,0,0,0,0,0,0,0,0,0,1995,1
1229,0,0,0,0,0,0,0,1,0,0,0,0,0,0,0,1,0,0,1995,1
1230,0,0,0,0,1,0,0,0,0,0,0,0,0,0,0,0,0,0,1994,1
1231,1,0,0,0,0,0,0,1,0,0,0,0,0,0,0,0,0,0,1990,1
1232,0,0,0,0,0,0,1,0,0,0,0,0,0,0,0,0,0,0,1991,1
1233,0,0,0,0,0,0,0,1,0,0,0,0,0,0,0,0,0,0,1996,1
1234,0,0,0,0,1,0,0,0,0,0,0,0,0,0,0,0,0,0,1998,1
1235,0,0,0,0,0,1,0,0,0,0,0,0,0,0,0,0,0,0,1994,1
1236,0,0,0,0,0,0,0,1,0,0,0,0,0,0,0,0,0,0,1997,1
1237,0,0,0,0,1,0,0,1,0,0,0,0,0,0,0,0,0,0,1996,1
1238,0,0,0,0,0,0,0,1,0,0,0,0,0,0,0,0,0,0,1996,1
1239,1,1,0,0,0,0,0,0,0,0,0,0,0,1,0,0,0,0,1995,1
1240,0,0,1,0,0,0,0,0,0,0,0,0,0,0,1,0,0,0,1996,4
1241,0,0,0,0,1,0,0,1,0,0,0,0,0,0,0,0,0,0,1997,6
1242,0,0,0,0,1,0,0,0,0,0,0,0,0,0,0,0,0,0,1991,1
1243,0,0,0,0,0,0,0,0,0,0,1,0,0,0,0,0,0,0,1998,2
1244,1,0,0,0,0,0,0,0,0,0,0,0,0,0,0,0,0,0,1997,1
1245,0,0,0,0,0,1,0,0,0,0,0,0,0,0,0,0,0,0,1997,1
1246,0,0,0,0,1,0,0,0,0,0,0,0,0,0,0,0,0,0,1995,1
1247,0,0,0,0,0,0,0,0,0,0,0,0,0,0,0,0,0,1,1994,1
1248,0,0,0,0,0,0,0,0,0,0,0,0,0,0,0,1,0,0,1994,1
1249,0,0,0,0,1,0,0,0,0,0,0,0,0,0,0,0,0,0,1993,1
1250,1,0,0,0,0,0,0,0,0,0,0,0,0,0,0,0,0,0,1995,1
1251,0,0,0,0,1,0,0,0,0,0,0,0,0,0,0,0,0,0,1997,4
1252,0,0,0,0,0,0,0,1,0,0,0,0,0,0,0,0,0,0,1997,6
1253,0,0,0,0,0,0,0,0,0,0,0,0,0,0,0,1,0,0,1995,1
1254,0,0,0,0,1,0,0,0,0,0,0,0,0,0,0,0,0,0,1997,5
1255,0,0,0,0,0,0,0,1,0,0,0,0,0,0,0,0,0,0,1997,5
1256,0,0,0,0,0,0,0,1,0,0,0,0,0,0,0,0,0,0,1997,5
1257,0,0,0,0,0,0,0,1,0,0,0,0,0,0,0,0,0,0,1997,5
1258,0,0,0,0,1,0,0,0,0,0,0,0,0,1,0,0,0,0,1997,5
1259,0,0,0,0,1,0,0,0,0,0,0,0,0,1,0,0,0,0,1996,2
1260,0,0,0,0,0,0,0,1,0,0,0,0,0,0,0,0,0,0,1995,1
1261,0,0,0,0,0,0,0,1,0,0,0,0,0,0,0,0,0,0,1995,1
1262,0,0,0,0,0,0,0,0,0,0,0,0,0,1,0,0,0,0,1996,7
1263,0,0,0,0,0,0,0,1,0,0,0,0,0,0,0,0,0,0,1996,8
1264,0,0,0,0,0,0,0,1,0,0,0,0,0,0,0,0,0,0,1996,8
1265,0,0,0,0,0,0,0,1,0,0,0,0,0,0,0,0,0,0,1997,1
1266,0,0,0,0,0,0,0,1,0,0,0,0,0,0,0,0,0,0,1973,1
1267,0,0,0,0,0,0,0,1,0,0,0,0,0,0,0,0,0,0,1995,1
1268,0,0,0,0,0,0,0,1,0,0,0,0,0,0,0,0,0,0,1992,1
1269,0,0,0,0,1,0,0,0,0,0,0,0,0,1,0,0,0,0,1957,1
1270,0,0,0,0,1,0,0,0,0,0,0,0,0,0,0,0,0,0,1993,1
1271,0,0,0,0,1,0,0,0,0,0,0,0,0,0,0,0,0,0,1994,1
1272,0,0,0,0,1,0,0,1,0,0,0,0,0,0,0,0,0,0,1994,1
1273,0,0,0,0,0,0,0,1,0,0,0,0,0,0,0,1,0,0,1994,1
1274,0,0,0,0,0,0,0,0,0,0,0,0,0,0,1,1,0,0,1993,1
1275,0,0,0,0,0,0,0,0,0,0,0,0,0,0,0,1,0,0,1994,1
1276,0,0,0,0,0,0,0,1,0,0,0,0,0,0,0,0,0,0,1996,4
1277,1,0,0,0,0,1,0,0,0,0,0,0,0,0,0,0,0,0,1996,9
1278,0,0,0,0,0,0,0,1,0,0,0,1,0,0,0,0,0,0,1997,3
1279,0,1,0,1,0,0,0,0,0,0,0,0,0,0,0,0,0,0,1997,7
1280,0,0,0,0,0,1,0,0,0,0,0,0,0,0,0,0,0,0,1997,1
1281,0,0,0,0,0,0,0,1,0,0,0,0,0,0,0,0,0,0,1996,7
1282,0,0,0,0,0,0,0,1,0,0,0,0,0,0,0,0,0,0,1996,10
1283,0,0,0,0,1,0,0,0,0,0,0,0,0,0,0,0,0,0,1997,7
1284,0,0,0,0,0,0,0,1,0,0,0,0,1,0,0,0,0,0,1996,2
1285,0,0,0,0,0,0,0,1,0,0,0,0,0,0,0,0,0,0,1994,1
1286,0,0,0,0,1,0,0,0,0,0,0,1,0,1,0,0,0,0,1937,1
1287,0,0,0,0,1,0,0,0,0,0,0,0,0,0,0,0,0,0,1996,3
1288,0,0,0,0,1,0,0,0,0,0,0,0,0,0,0,0,0,0,1996,3
1289,0,0,0,0,0,0,0,0,0,0,0,0,0,1,0,0,0,0,1996,3
1290,0,0,0,0,0,0,0,1,0,0,0,0,0,1,0,0,0,0,1994,1
1291,0,0,0,0,1,0,0,0,0,0,0,0,0,0,0,0,0,0,1996,4
1292,0,0,0,1,0,0,0,0,1,0,0,0,0,0,0,0,0,0,1997,7
1293,0,1,0,1,0,0,0,0,1,0,0,0,0,0,1,0,0,0,1998,1
1294,0,0,0,0,0,0,1,0,0,0,0,0,0,0,0,0,0,0,1998,2
1295,0,0,0,0,1,0,0,1,0,0,0,0,0,0,0,0,0,0,1997,1
1296,0,0,0,0,1,0,0,1,0,0,0,0,0,0,0,0,0,0,1996,1
1297,0,0,0,0,0,0,0,1,0,0,0,0,0,1,0,0,0,0,1994,1
1298,0,0,0,0,1,0,0,0,0,0,0,1,0,0,0,0,0,0,1953,1
1299,0,0,0,0,0,0,0,1,0,0,0,0,0,1,0,0,0,0,1941,1
1300,0,0,0,0,0,0,0,1,0,0,0,0,0,1,0,0,0,0,1997,5
1301,0,0,0,0,1,0,0,0,0,0,0,0,0,0,0,0,0,0,1981,1
1302,0,0,0,0,1,0,0,0,0,0,0,0,0,0,0,0,0,0,1997,6
1303,1,0,0,0,0,0,0,0,0,0,0,0,0,0,0,0,0,0,1994,1
1304,1,0,0,0,0,1,0,0,0,0,0,0,0,0,0,0,0,0,1996,1
1305,0,0,0,0,1,0,0,0,0,0,0,0,0,0,0,0,0,0,1995,1
1306,0,0,0,0,0,0,0,1,0,0,0,0,0,0,0,0,0,0,1994,1
1307,0,0,0,0,0,0,1,0,0,0,0,0,0,0,0,0,0,0,1994,1
1308,0,0,0,0,1,0,0,1,0,0,0,0,0,0,0,0,0,0,1994,1
1309,0,0,0,0,0,0,0,1,0,0,0,0,0,0,0,0,0,0,1974,1
1310,0,0,0,0,0,0,0,1,0,0,0,0,0,0,0,0,0,0,1945,1
1311,0,0,0,0,1,0,0,1,0,0,0,0,0,0,0,0,0,0,1996,1
1312,0,0,0,0,1,0,0,1,0,0,0,0,0,0,0,0,0,0,1996,7
1313,0,0,0,0,0,0,0,0,0,1,0,0,1,0,0,1,0,0,1998,2
1314,1,1,0,0,0,0,0,0,0,0,0,0,0,0,0,1,0,0,1994,1
1315,0,0,0,0,0,0,0,1,0,0,0,0,0,1,0,0,0,0,1997,4
1316,0,0,0,0,0,0,0,1,0,0,0,0,0,0,0,0,0,0,1997,12
1317,0,0,0,0,0,0,0,1,0,0,0,0,0,0,0,0,0,0,1996,3
1318,0,0,0,0,0,0,1,0,0,0,0,0,0,0,0,0,0,0,1996,6
1319,0,0,0,0,0,0,0,1,0,0,0,0,0,0,0,0,0,0,1996,3
1320,0,0,0,0,0,0,0,1,0,0,0,0,0,0,0,0,0,0,1996,5
1321,0,0,0,0,1,0,0,0,0,0,0,0,0,0,0,0,0,0,1996,5
1322,0,0,0,0,1,0,0,0,0,0,0,0,0,0,0,0,0,0,1993,1
1323,0,0,0,0,0,0,0,1,0,0,0,0,0,0,0,0,0,0,1994,1
1324,0,0,0,0,0,0,0,1,0,0,0,0,0,0,0,1,0,0,1996,4
1325,0,0,0,0,0,0,0,1,0,0,0,0,0,0,0,0,0,0,1996,4
1326,0,0,0,0,0,0,0,1,0,0,0,0,0,0,0,0,0,0,1996,5
1327,0,0,0,0,0,0,0,1,0,0,0,0,0,0,0,0,0,0,1994,9
1328,0,0,0,0,0,0,0,1,0,0,0,0,0,0,0,0,0,0,1996,5
1329,0,0,0,0,0,0,0,1,0,0,0,0,0,0,0,0,0,0,1996,5
1330,0,0,0,0,0,0,0,1,0,0,0,0,0,0,0,0,0,0,1994,1
1331,0,0,0,0,0,0,1,0,0,0,0,0,0,0,0,0,0,0,1995,1
1332,0,0,0,0,0,0,0,1,0,0,0,0,0,0,0,0,0,0,1993,1
1333,0,0,0,0,1,0,0,1,0,0,0,0,0,0,0,0,0,0,1994,1
1334,0,0,0,0,0,0,0,1,0,0,0,0,0,0,0,0,0,0,1996,6
1335,0,0,0,0,0,0,0,1,0,0,0,0,0,0,0,0,0,0,1996,9
1336,0,0,0,1,1,0,0,0,1,0,0,0,0,0,0,0,0,0,1996,7
1337,0,0,0,0,1,0,0,0,0,0,0,0,0,0,0,0,0,0,1996,11
1338,0,0,0,0,0,0,0,1,0,0,0,0,0,0,0,0,0,0,1996,8
1339,0,0,0,0,1,0,0,1,0,0,0,0,0,0,0,0,0,0,1993,1
1340,0,0,0,0,0,0,0,0,0,0,0,0,0,1,0,0,0,0,1995,1
1341,0,0,0,0,0,0,0,1,0,0,0,0,0,0,0,0,0,0,1992,1
1342,0,0,0,0,0,0,0,1,0,0,0,0,0,0,0,0,0,0,1996,6
1343,0,0,0,0,0,0,0,1,0,0,0,0,0,0,0,0,0,0,1995,1
1344,0,0,0,0,0,0,0,1,0,0,0,0,0,0,0,0,0,0,1993,1
1345,0,0,0,0,0,0,0,1,0,0,0,0,0,0,0,0,0,0,1994,1
1346,0,0,0,0,0,0,0,1,0,0,0,0,0,0,0,0,0,0,1992,1
1347,0,0,0,0,0,0,0,1,0,0,0,0,0,0,0,0,0,0,1958,1
1348,0,0,0,0,0,0,0,1,0,0,0,0,0,0,0,0,0,0,1990,1
1349,0,0,0,0,1,0,0,0,0,0,0,0,0,0,0,0,0,0,1993,1
1350,0,0,0,0,0,0,0,1,0,0,0,0,0,0,0,0,0,0,1949,1
1351,0,0,0,0,1,0,0,0,0,0,0,0,0,0,0,0,0,0,1996,7
1352,0,0,0,0,0,0,0,1,0,0,0,0,0,0,0,0,0,0,1976,1
1353,0,0,0,0,0,0,0,0,0,0,0,0,0,1,0,0,0,0,1994,1
1354,0,0,0,0,0,0,0,1,0,0,0,0,0,0,0,0,0,0,1992,1
1355,0,0,0,0,0,0,0,1,0,0,0,0,0,0,0,0,0,0,1996,10
1356,0,0,0,0,1,0,0,0,0,0,0,0,0,0,0,0,0,0,1996,10
1357,0,0,0,0,0,0,0,0,0,0,0,0,0,1,0,0,1,0,1994,1
1358,1,0,0,0,0,0,0,0,0,0,0,0,0,0,0,0,0,0,1996,9
1359,0,0,0,0,0,0,0,1,0,0,0,0,0,0,0,0,0,0,1996,9
1360,0,0,0,0,1,0,0,0,0,0,0,0,0,0,0,0,0,0,1994,1
1361,0,0,0,0,1,0,0,0,0,0,0,0,0,0,0,0,0,0,1996,1
1362,1,0,0,0,0,0,0,0,0,0,0,0,0,0,0,0,0,0,1996,9
1363,0,0,0,0,0,0,1,0,0,0,0,0,0,0,0,0,0,0,1996,9
1364,1,0,0,0,0,0,0,0,0,0,0,0,0,0,0,0,0,0,1996,10
1365,1,0,0,0,0,0,0,1,0,0,0,0,0,0,0,0,0,0,1993,1
1366,0,0,0,0,0,0,1,1,0,0,0,0,0,0,0,0,0,0,1994,1
1367,0,0,1,0,0,0,0,0,0,0,0,0,0,0,0,0,0,0,1994,1
1368,0,0,0,0,0,0,0,1,0,0,0,0,0,0,0,0,0,0,1994,1
1369,0,0,0,0,0,0,0,1,0,0,0,0,0,0,0,0,0,0,1950,1
1370,0,0,0,0,0,0,0,1,0,0,0,0,0,0,0,1,0,0,1994,1
1371,0,0,0,0,1,0,0,0,0,0,1,0,0,0,0,0,0,0,1994,1
1372,1,0,0,0,0,0,0,0,0,0,0,0,0,0,0,0,0,0,1994,1
1373,0,0,0,0,0,0,0,0,0,0,0,0,0,0,0,0,0,0,1971,2
1374,0,0,0,0,1,0,0,0,0,0,0,0,0,0,0,0,0,0,1980,1
1375,0,0,0,0,0,0,0,1,0,0,0,0,0,0,0,0,0,0,1993,1
1376,0,0,0,0,1,0,0,0,0,0,0,0,0,0,0,0,0,0,1997,1
1377,0,0,0,0,1,0,0,0,0,0,0,0,0,1,0,0,0,0,1997,2
1378,0,0,0,0,0,0,1,0,0,0,0,0,0,0,0,0,0,0,1997,3
1379,0,0,0,0,0,0,0,0,0,0,0,0,0,1,0,0,0,0,1997,3
1380,0,0,0,0,0,0,0,1,0,0,0,0,0,0,0,0,0,0,1997,5
1381,0,0,0,0,0,0,0,1,0,0,0,0,0,0,0,0,0,0,1996,1
1382,0,0,0,0,0,0,0,1,0,0,0,0,0,0,0,0,0,0,1997,5
1383,0,1,0,1,0,0,0,0,0,0,0,0,0,0,0,0,0,0,1997,5
1384,0,0,0,0,0,0,0,1,0,0,0,0,0,0,0,0,0,0,1997,6
1385,0,0,0,0,1,0,0,0,0,0,0,0,0,1,0,0,0,0,1997,6
1386,0,0,0,0,0,0,0,0,0,0,0,0,0,0,1,0,0,0,1997,6
1387,0,0,0,0,0,0,0,0,0,0,0,0,0,1,0,0,0,0,1997,6
1388,0,0,0,0,0,0,0,1,0,0,0,0,0,0,0,0,0,0,1997,6
1389,0,0,0,0,0,0,0,1,0,0,0,0,0,0,0,0,0,0,1997,6
1390,0,0,0,0,0,1,0,0,0,0,0,0,0,0,0,0,0,0,1997,6
1391,0,0,0,0,0,0,0,1,0,0,0,0,0,0,0,0,0,0,1997,7
1392,0,0,0,0,0,0,0,1,0,0,0,0,0,0,0,0,0,0,1997,1
1393,1,0,0,0,0,0,0,0,0,0,0,0,0,0,0,1,0,0,1997,1
1394,0,0,0,0,0,0,0,0,0,0,0,0,0,1,0,0,0,0,1997,1
1395,0,0,0,0,0,0,0,1,0,0,0,0,0,0,0,0,0,0,1998,1
1396,0,0,0,0,0,0,0,1,0,0,0,0,0,0,0,0,0,0,1996,7
1397,0,0,0,0,0,0,0,1,0,0,0,0,0,0,0,0,0,0,1934,1
1398,0,0,0,0,0,0,0,1,0,0,0,0,0,0,0,0,0,0,1996,11
1399,0,0,0,0,0,0,0,0,0,0,0,0,0,0,0,1,0,0,1997,1
1400,0,0,0,0,0,0,0,1,0,0,0,0,0,1,0,0,0,0,1995,1
1401,0,0,0,0,0,0,0,1,0,0,0,0,0,0,0,0,0,0,1993,1
1402,0,0,0,0,0,0,0,1,0,0,0,0,0,0,0,0,0,0,1993,1
1403,0,0,0,0,1,0,0,1,0,0,0,0,0,0,0,0,0,0,1994,1
1404,0,0,0,0,1,0,0,0,0,0,0,0,0,0,0,0,0,0,1987,1
1405,0,0,0,0,0,0,0,1,0,0,0,0,0,0,0,0,0,0,1997,3
1406,0,0,0,0,0,0,0,1,0,0,0,0,0,1,0,0,0,0,1995,1
1407,1,0,0,0,0,0,0,0,0,0,0,0,0,0,0,0,0,0,1994,1
1408,0,0,0,0,1,0,0,0,0,0,0,0,0,0,0,0,0,0,1995,1
1409,0,0,1,1,0,0,0,0,0,0,0,0,0,0,0,0,0,0,1994,1
1410,0,0,0,0,0,0,0,1,0,0,0,0,0,0,0,0,0,0,1993,1
1411,0,1,0,0,0,0,0,0,0,0,0,0,0,0,1,0,0,0,1968,1
1412,0,0,1,1,0,0,0,0,0,0,0,0,0,0,0,0,0,0,1995,1
1413,1,0,0,0,0,0,0,0,0,0,0,0,0,0,0,0,0,0,1994,1
1414,1,0,0,0,0,0,0,0,0,0,0,0,0,0,0,0,0,0,1995,1
1415,1,0,0,1,0,0,0,0,0,0,0,0,0,0,0,0,0,0,1994,1
1416,1,0,0,0,0,0,0,0,0,0,0,0,0,0,1,0,0,0,1994,1
1417,0,0,0,0,0,0,0,1,0,0,0,0,0,0,0,0,0,0,1997,5
1418,0,0,0,0,0,0,0,1,0,0,0,0,0,0,0,0,0,0,1993,1
1419,1,0,0,0,0,0,0,0,0,0,0,0,0,0,1,0,0,0,1994,1
1420,0,0,0,0,1,0,0,0,0,0,0,0,0,0,0,0,0,0,1997,1
1421,0,0,0,0,0,0,0,1,0,0,0,0,0,0,0,0,0,0,1993,1
1422,0,0,0,0,0,0,0,0,0,1,0,0,0,0,0,1,0,0,1993,1
1423,0,0,0,0,0,0,0,1,0,0,0,0,0,0,0,0,1,0,1995,1
1424,0,0,0,0,1,0,0,1,0,0,0,0,0,1,0,0,0,0,1994,1
1425,0,0,0,0,1,0,0,1,0,0,0,0,0,0,0,0,0,0,1994,1
1426,0,0,0,0,1,0,0,1,0,0,0,0,0,0,0,0,0,0,1996,9
1427,0,0,0,0,0,0,0,1,0,0,0,0,0,0,0,0,0,0,1996,11
1428,0,0,0,0,1,0,0,0,0,0,0,0,0,0,0,0,0,0,1997,2
1429,0,0,0,0,0,0,0,1,0,0,0,0,0,1,0,0,0,0,1998,1
1430,0,0,0,0,0,0,0,1,0,0,0,0,0,0,0,0,0,0,1997,1
1431,0,0,0,0,0,0,0,0,0,0,0,0,0,0,0,1,0,0,1997,1
1432,0,0,0,0,0,0,0,1,0,0,0,0,0,0,0,0,0,0,1998,10
1433,1,0,0,0,0,0,0,1,0,0,0,0,0,0,0,0,0,0,1997,1
1434,0,0,0,0,0,0,0,0,0,0,0,0,0,1,0,0,0,0,1998,1
1435,0,0,0,0,1,0,0,0,0,0,0,0,0,0,0,0,0,0,1995,1
1436,0,0,0,0,0,0,0,1,0,0,0,0,0,1,0,0,0,0,1993,1
1437,0,0,0,0,1,0,0,0,0,0,0,0,0,0,0,0,0,0,1994,1
1438,0,0,0,0,0,0,0,1,0,0,0,0,0,0,0,0,0,0,1995,1
1439,0,0,0,0,0,1,0,1,0,0,0,0,0,0,0,0,0,0,1994,1
1440,0,0,0,0,0,0,0,1,0,0,0,0,0,0,0,0,0,0,1994,1
1441,0,0,0,0,0,0,0,1,0,0,0,0,0,1,0,0,0,0,1995,1
1442,0,0,0,0,0,0,0,1,0,0,0,0,0,0,0,0,0,0,1995,1
1443,0,0,0,0,0,0,0,1,0,0,0,0,0,0,0,0,0,0,1994,1
1444,0,0,0,1,1,0,0,0,0,0,0,0,1,0,0,0,0,0,1965,1
1445,0,0,0,0,0,0,0,1,0,0,0,0,0,0,0,0,0,0,1994,1
1446,0,0,0,0,1,0,0,0,0,0,0,0,0,0,0,0,0,0,1995,1
1447,0,0,0,0,0,0,0,1,0,0,0,0,0,0,0,0,0,0,1993,1
1448,0,0,0,0,0,0,0,1,0,0,0,0,0,0,0,0,0,0,1996,4
1449,0,0,0,0,0,0,0,1,0,0,0,0,0,0,0,0,0,0,1996,3
1450,0,1,0,0,0,0,0,0,0,0,0,0,0,1,0,0,0,0,1947,1
1451,0,0,0,0,0,0,0,0,0,0,0,0,0,0,0,1,0,0,1940,1
1452,0,0,0,0,1,0,0,0,0,0,0,0,1,0,0,0,0,0,1943,1
1453,0,0,0,0,0,1,0,1,0,0,0,0,0,0,0,0,0,0,1946,1
1454,0,0,0,0,0,0,0,0,0,0,0,0,0,0,0,0,0,1,1947,1
1455,0,0,0,0,0,0,0,0,0,0,0,0,0,0,0,0,0,1,1943,1
1456,0,0,0,0,1,0,0,1,0,0,0,0,0,0,0,0,0,0,1954,1
1457,0,0,0,0,1,0,0,1,0,0,0,0,0,0,0,0,0,0,1996,10
1458,0,0,0,0,1,0,0,0,0,0,0,1,0,1,0,0,0,0,1937,1
1459,0,0,0,0,0,0,0,0,0,0,0,1,0,0,0,0,0,0,1996,9
1460,0,0,0,0,1,0,0,1,0,0,0,0,0,0,0,0,0,0,1996,10
1461,0,0,0,0,1,0,0,0,0,0,0,0,0,0,0,0,0,0,1935,1
1462,0,0,0,0,0,1,0,1,0,0,0,0,0,1,0,0,0,0,1996,12
1463,0,0,0,0,1,0,0,0,0,0,0,0,0,0,0,0,0,0,1997,1
1464,0,0,0,0,0,0,0,1,0,0,0,0,0,0,0,0,0,0,1995,1
1465,0,0,0,0,1,0,0,1,0,0,0,0,0,0,0,0,0,0,1995,1
1466,0,0,0,0,0,0,0,1,0,0,0,0,0,0,0,0,0,0,1995,1
1467,0,0,0,0,0,0,0,1,0,0,0,0,0,0,0,0,0,0,1993,1
1468,0,0,0,0,0,0,0,1,0,0,0,0,0,0,0,0,0,0,1995,1
1469,0,1,0,1,0,0,0,0,0,0,0,0,0,0,0,0,0,0,1995,1
1470,0,0,1,1,0,0,0,0,0,0,0,0,0,0,0,0,0,0,1995,1
1471,0,0,0,0,0,0,0,0,0,0,0,0,0,0,0,1,0,0,1995,1
1472,0,0,0,0,1,0,0,0,0,0,0,0,0,0,1,0,0,0,1996,7
1473,0,0,0,1,0,0,0,1,0,0,0,0,0,0,0,0,0,0,1939,1
1474,0,0,0,0,1,0,0,0,0,0,0,0,0,1,0,0,0,0,1994,1
1475,0,0,0,0,1,0,0,1,0,0,0,0,0,0,0,0,0,0,1993,1
1476,0,0,0,0,0,0,0,0,0,1,0,0,0,0,0,0,0,0,1948,1
1477,0,0,0,0,0,0,0,0,0,0,1,0,0,0,0,1,0,0,1997,4
1478,1,0,0,0,0,1,0,1,0,0,0,0,0,0,0,0,0,0,1995,1
1479,0,0,0,0,1,0,0,0,0,0,0,0,0,0,0,0,0,0,1995,1
1480,0,1,0,1,1,0,0,0,0,0,0,0,0,0,0,0,0,0,1974,1
1481,0,0,0,0,0,0,0,1,0,0,0,0,0,0,0,0,0,0,1994,1
1482,0,0,0,0,0,0,1,0,0,0,0,0,0,0,0,0,0,0,1996,5
1483,1,0,0,0,0,0,0,1,0,0,0,0,0,1,0,0,0,0,1998,3
1484,1,0,0,0,1,0,0,0,0,0,0,0,0,0,0,0,0,0,1994,1
1485,0,0,0,0,0,0,0,1,0,0,0,0,0,1,0,0,1,0,1994,1
1486,0,0,0,0,0,0,0,1,0,0,0,0,0,0,0,0,0,0,1995,1
1487,0,0,0,0,1,0,0,0,0,0,0,0,0,1,0,0,0,0,1993,1
1488,0,0,0,0,0,0,0,1,0,0,0,0,0,0,0,0,0,0,1993,1
1489,0,0,0,0,1,0,0,0,0,0,0,0,0,0,0,0,0,0,1994,1
1490,0,0,0,0,1,0,0,0,0,0,0,0,0,0,0,0,0,0,1993,1
1491,1,0,0,0,0,0,0,1,0,0,0,0,0,0,0,1,0,0,1995,1
1492,0,0,0,0,1,0,0,0,0,0,0,0,0,0,0,0,0,0,1994,1
1493,0,0,0,0,0,0,0,0,0,0,0,0,0,1,0,0,0,0,1996,9
1494,0,0,0,0,1,0,0,0,0,0,0,0,0,0,0,0,0,0,1996,4
1495,0,0,0,0,0,0,0,1,0,0,0,0,0,0,0,0,0,0,1996,8
1496,0,0,0,0,1,1,0,0,0,0,0,0,0,0,0,0,0,0,1996,8
1497,0,0,0,0,0,0,1,0,0,0,0,0,0,0,0,0,0,0,1996,10
1498,0,0,0,0,1,0,0,0,0,0,0,0,0,0,0,0,0,0,1997,1
1499,0,0,0,0,1,0,0,0,0,0,0,0,0,0,0,0,0,0,1994,1
1500,0,0,0,0,1,0,0,0,0,0,0,0,0,0,0,0,0,0,1996,11
1501,0,0,0,0,0,0,0,0,0,0,0,0,0,0,0,0,1,0,1997,1
1502,0,0,0,0,1,0,0,0,0,0,0,0,0,1,0,0,0,0,1994,1
1503,0,1,0,1,0,0,0,0,0,0,0,0,0,0,0,0,0,0,1995,1
1504,0,0,0,0,1,0,0,0,0,0,0,0,0,0,0,0,0,0,1996,7
1505,0,0,0,0,0,1,0,1,0,0,0,0,0,0,0,0,0,0,1996,9
1506,0,0,0,0,0,0,0,1,0,0,0,0,0,0,0,0,0,0,1996,4
1507,0,0,0,0,1,0,0,0,0,0,0,0,0,0,0,0,0,0,1996,10
1508,0,0,0,0,0,0,0,1,0,0,0,0,0,0,0,1,0,0,1995,1
1509,0,0,0,0,1,0,0,0,0,0,0,0,0,0,0,0,0,0,1994,1
1510,0,0,0,0,0,1,0,0,0,0,0,0,0,0,0,0,0,0,1996,11
1511,0,0,0,0,1,0,0,0,0,0,0,0,0,0,0,0,0,0,1997,5
1512,0,0,0,0,0,0,0,1,0,0,0,0,0,0,0,0,0,0,1996,4
1513,0,0,0,0,1,0,0,0,0,0,0,0,0,0,0,0,0,0,1997,5
1514,0,0,0,0,0,0,0,1,0,0,0,0,0,0,0,0,0,0,1997,6
1515,0,1,0,0,0,0,0,0,0,0,0,0,0,1,0,0,0,0,1995,1
1516,0,0,0,0,0,0,0,1,0,0,0,0,0,0,0,0,0,0,1994,1
1517,0,0,0,0,0,0,0,1,0,0,0,0,0,0,0,0,0,0,1996,1
1518,0,0,0,0,0,0,0,1,0,0,0,0,0,0,0,0,0,0,1995,1
1519,0,0,0,0,0,1,0,1,0,0,0,0,0,0,0,0,0,0,1995,1
1520,0,0,0,0,0,0,0,0,0,0,1,0,0,0,0,0,0,0,1995,1
1521,0,0,0,0,1,0,0,0,0,0,0,0,0,1,0,0,0,0,1993,1
1522,0,0,0,0,0,0,0,0,0,0,0,0,0,0,0,1,0,0,1994,1
1523,1,1,0,0,0,0,0,0,0,0,0,0,0,0,0,0,0,0,1994,1
1524,0,0,0,0,0,0,0,1,0,0,0,0,0,0,0,0,0,0,1996,6
1525,0,0,0,0,1,0,0,0,0,0,0,0,0,1,0,0,0,0,1998,3
1526,0,0,0,0,0,0,0,1,0,0,0,0,0,1,0,1,0,0,1985,1
1527,0,0,0,0,1,0,0,0,0,0,0,0,0,0,0,0,0,0,1998,1
1528,0,0,0,0,0,0,0,1,0,0,0,0,0,0,0,0,0,0,1997,5
1529,0,0,0,0,0,0,0,0,0,0,0,0,0,0,0,0,1,0,1996,3
1530,0,0,0,0,0,0,0,1,0,0,0,0,0,0,0,0,0,0,1995,1
1531,0,1,0,1,0,0,0,0,0,0,0,0,0,0,0,0,0,0,1995,1
1532,0,0,0,0,0,0,0,1,0,0,0,0,0,0,0,0,0,0,1994,1
1533,0,0,0,0,0,0,0,1,0,0,0,0,0,0,0,0,0,0,1993,1
1534,0,0,0,0,1,1,0,0,0,0,0,0,0,0,0,0,0,0,1997,5
1535,0,0,0,0,0,0,0,1,0,0,0,0,0,0,0,0,0,0,1994,1
1536,0,0,0,0,0,0,0,1,0,0,0,0,0,0,0,0,0,0,1996,7
1537,0,0,0,0,1,0,0,0,0,0,0,0,0,0,0,0,0,0,1997,4
1538,0,0,0,0,0,0,0,1,0,0,0,0,0,0,0,0,0,0,1997,4
1539,0,0,0,0,0,0,0,1,0,0,0,0,0,0,0,0,0,0,1993,1
1540,0,1,0,1,0,0,0,0,0,0,0,0,0,0,0,0,0,0,1995,1
1541,0,0,0,0,0,0,0,1,0,0,0,0,0,0,0,0,0,0,1994,1
1543,0,0,0,0,0,0,0,1,0,0,0,0,0,0,0,0,0,0,1996,10
1544,0,0,0,0,1,0,0,0,0,0,0,0,0,0,0,0,0,0,1995,1
1545,0,0,0,0,0,0,0,1,0,0,0,0,0,1,0,0,0,0,1995,1
1546,0,0,0,0,0,0,0,1,0,0,0,0,0,0,0,0,0,0,1988,1
1547,0,0,0,0,0,0,1,0,0,0,0,0,0,0,0,0,0,0,1995,1
1548,1,0,0,0,0,0,0,0,0,0,0,0,0,0,0,1,0,0,1995,1
1549,0,0,0,0,0,0,0,0,0,0,0,0,0,0,0,1,0,0,1995,1
1550,0,0,0,0,1,0,0,0,0,0,0,0,0,0,0,0,0,0,1995,1
1551,0,0,0,0,0,0,0,1,0,0,0,0,0,0,0,0,0,0,1994,1
1552,1,0,0,0,0,0,0,0,0,0,0,0,0,0,0,0,0,0,1995,1
1553,0,0,0,0,0,0,0,0,0,0,0,0,1,0,0,1,0,0,1995,1
1554,0,0,0,0,0,0,0,1,0,0,0,0,0,0,0,0,0,0,1994,1
1555,0,1,0,1,0,0,0,0,0,0,0,0,0,0,0,0,0,0,1993,1
1556,1,0,0,0,0,0,0,1,0,0,0,0,0,0,0,1,0,0,1995,1
1557,0,0,0,0,1,0,0,1,0,0,0,0,0,0,0,0,0,0,1996,2
1558,0,0,0,0,0,0,0,1,0,0,0,0,0,0,0,0,0,0,1996,3
1559,1,0,0,0,0,0,0,1,0,0,0,0,0,0,0,1,0,0,1994,1
1560,0,0,0,0,0,1,0,0,0,0,0,0,0,0,0,0,0,0,1981,1
1561,0,0,0,0,0,0,1,1,0,0,0,0,0,0,0,0,0,0,1994,1
1562,0,0,0,0,0,0,1,0,0,0,0,0,0,0,0,0,0,0,1993,1
1563,0,0,0,0,0,0,0,0,0,0,0,0,0,1,0,0,0,0,1994,1
1564,0,0,0,0,0,0,0,1,0,0,0,0,0,0,0,0,0,0,1991,1
1565,0,0,0,0,0,0,0,1,0,0,0,0,0,0,0,0,0,0,1992,1
1566,0,0,0,0,0,0,0,1,0,0,0,0,0,0,0,0,0,0,1943,1
1567,0,0,0,0,1,0,0,0,0,0,0,0,0,0,0,0,0,0,1992,1
1568,0,0,0,0,1,0,0,0,0,0,0,0,0,1,0,0,0,0,1992,1
1569,0,0,0,0,1,0,0,1,0,0,0,0,0,0,0,0,0,0,1987,1
1570,0,0,0,0,1,0,0,0,0,0,0,0,0,0,0,0,0,0,1992,1
1571,0,0,0,0,0,0,0,1,0,0,0,0,0,0,0,0,0,0,1973,1
1572,0,0,0,0,0,0,0,1,0,0,0,0,0,0,0,0,0,0,1982,1
1573,0,0,0,0,0,0,0,0,0,0,1,0,0,0,0,0,0,0,1968,1
1574,0,0,0,0,0,0,0,0,0,0,0,0,0,0,0,0,1,0,1995,1
1575,0,0,0,0,0,0,0,1,0,0,0,0,0,0,0,0,0,0,1990,1
1576,0,0,0,0,0,0,0,0,1,0,0,0,0,0,0,0,0,0,1987,1
1577,0,0,0,0,0,0,0,1,0,0,0,0,0,0,0,0,0,0,1956,1
1578,0,0,0,0,0,0,0,1,0,0,0,0,0,0,0,0,0,0,1967,1
1579,0,0,0,0,0,0,0,0,0,0,0,0,0,0,0,1,0,0,1988,1
1580,0,0,0,0,0,0,0,0,0,0,0,0,0,1,0,0,0,0,1933,1
1581,0,0,0,0,0,0,0,0,0,0,0,0,1,0,0,0,0,0,1950,1
1582,0,0,0,0,0,0,0,0,0,1,0,0,0,0,0,0,0,0,1947,1
1583,0,0,0,0,0,0,0,1,0,0,0,0,0,0,0,0,0,0,1986,1
1584,0,0,0,0,0,0,0,1,0,0,0,0,0,0,0,0,0,0,1946,1
1585,0,0,0,0,0,0,1,0,0,0,0,0,0,0,0,0,0,0,1990,1
1586,1,0,0,0,0,1,0,1,0,0,0,0,0,0,0,0,0,0,1992,1
1587,0,0,0,0,0,0,0,0,0,0,0,0,0,0,0,0,0,1,1958,1
1588,0,0,0,0,1,0,0,1,0,0,0,0,0,0,0,0,0,0,1997,2
1589,0,0,0,0,1,0,0,0,0,0,0,0,0,0,0,0,0,0,1997,5
1590,0,0,0,0,0,0,0,1,0,0,0,0,0,0,0,0,0,0,1997,6
1591,0,0,0,0,0,0,0,1,0,0,0,0,0,0,0,0,0,0,1998,1
1592,0,0,0,0,0,0,0,1,0,0,0,0,0,0,0,0,0,0,1998,1
1593,0,0,0,0,1,0,0,0,0,0,0,0,0,0,0,0,0,0,1996,8
1594,0,0,0,0,0,0,1,0,0,0,0,0,0,0,0,0,0,0,1998,3
1595,1,0,0,0,0,0,0,0,0,0,0,0,0,0,0,1,0,0,1996,2
1596,1,0,0,0,0,0,0,0,0,0,0,0,0,0,1,1,0,0,1995,1
1597,1,0,0,0,0,0,0,1,0,0,0,0,0,0,0,0,0,0,1992,1
1598,0,0,0,0,0,1,0,0,0,0,0,0,0,0,0,1,0,0,1997,3
1599,0,0,0,0,0,0,0,1,0,0,0,0,0,0,0,0,0,0,1996,5
1600,0,0,0,0,1,0,0,0,0,0,0,0,0,0,0,0,0,0,1997,5
1601,0,0,0,0,0,0,0,0,0,0,0,0,0,0,0,1,0,0,1997,1
1602,0,0,0,0,0,0,0,1,0,0,0,0,0,0,0,0,0,0,1998,3
1603,0,0,0,0,0,0,0,1,0,0,0,0,0,0,0,0,0,0,1996,2
1604,0,0,0,0,0,1,0,0,0,1,0,0,0,0,0,1,0,0,1948,1
1605,0,0,0,0,1,0,0,0,0,0,0,0,0,0,0,0,0,0,1997,7
1606,0,0,0,0,0,1,0,0,0,0,0,0,0,0,0,0,0,0,1997,1
1607,0,0,0,0,0,0,0,1,0,0,0,0,0,0,0,0,0,0,1998,1
1608,0,1,0,1,0,0,0,1,0,0,0,0,0,0,0,0,0,0,1997,6
1609,0,0,0,0,1,0,0,0,0,0,0,0,0,0,0,0,0,0,1997,3
1610,1,0,0,0,0,1,0,0,0,0,0,0,0,1,0,0,0,0,1997,5
1611,0,0,0,0,1,0,0,0,0,0,0,0,0,0,0,0,0,0,1997,5
1612,0,0,0,0,0,0,0,0,0,0,0,0,0,1,0,0,0,0,1998,1
1613,1,0,0,0,0,0,0,1,0,0,0,0,0,0,0,0,0,0,1998,2
1614,0,0,0,0,1,0,0,1,0,0,0,0,0,0,0,0,0,0,1958,1
1615,1,1,0,1,0,0,0,0,1,0,0,0,0,0,0,0,0,0,1997,5
1616,0,0,0,0,0,0,0,1,0,0,0,0,0,0,0,0,0,0,1995,1
1617,0,0,0,0,0,0,0,0,0,0,0,0,0,1,0,0,0,0,1997,1
1618,1,0,0,0,0,1,0,0,0,0,0,0,0,0,0,0,0,0,1990,1
1619,0,0,0,0,0,0,0,1,0,0,0,0,0,0,0,0,0,0,1996,3
1620,0,0,0,0,1,0,0,0,0,0,0,0,0,0,0,0,0,0,1997,3
1621,0,0,0,0,0,0,0,0,0,0,0,0,0,0,0,1,0,0,1996,4
1622,0,0,0,0,1,0,0,0,0,0,0,0,0,0,0,0,0,0,1993,1
1623,0,0,0,0,0,0,0,1,0,0,0,0,0,0,0,0,0,0,1996,12
1624,0,0,0,0,0,0,0,0,0,0,0,0,0,0,0,1,0,0,1998,3
1625,0,0,0,0,0,0,0,0,0,0,1,0,0,0,0,1,0,0,1997,4
1626,0,0,0,0,1,0,0,1,0,0,0,0,0,0,0,0,0,0,1996,2
1627,0,0,0,0,1,0,0,1,0,0,0,0,0,0,0,0,0,0,1996,7
1628,0,0,0,0,0,0,0,1,0,0,0,0,0,0,0,0,0,0,1994,1
1629,0,0,0,0,0,0,1,0,0,0,0,0,0,0,0,0,0,0,1995,1
1630,0,0,0,0,0,0,0,1,0,0,0,0,0,0,0,0,0,0,1996,2
1631,0,0,0,0,1,0,0,1,0,0,0,0,0,0,0,0,0,0,1993,1
1632,0,0,0,0,0,0,0,0,0,0,0,0,0,0,0,0,1,0,1996,3
1633,0,0,0,0,1,0,0,1,0,0,0,0,0,0,0,0,0,0,1996,3
1634,0,0,0,0,0,0,0,1,0,0,0,0,0,0,0,0,0,0,1996,4
1635,0,0,0,0,0,0,0,1,0,0,0,0,0,0,0,0,0,0,1986,4
1636,0,0,0,0,0,0,0,1,0,0,0,0,0,0,0,0,0,0,1996,4
1637,0,0,0,0,0,0,0,1,0,0,0,0,0,0,0,0,0,0,1996,8
1638,0,0,0,0,0,1,0,1,0,0,0,0,0,0,0,0,0,0,1996,10
1639,0,0,0,0,0,0,0,1,0,0,0,0,0,0,0,0,0,0,1996,11
1640,0,0,0,0,0,0,0,1,0,0,0,0,0,0,0,0,0,0,1996,11
1641,0,0,0,0,0,0,1,0,0,0,0,0,0,0,0,0,0,0,1996,9
1642,0,0,0,0,0,0,0,1,0,0,0,0,0,0,0,0,0,0,1996,12
1643,0,0,0,0,0,0,0,1,0,0,0,0,0,0,0,0,0,0,1997,1
1644,0,0,0,0,1,0,0,0,0,0,0,0,0,0,0,0,0,0,1997,6
1645,0,0,0,0,0,0,0,1,0,0,0,0,0,0,0,0,0,0,1998,1
1646,1,0,0,0,0,0,0,1,0,0,0,0,0,0,0,0,0,0,1998,3
1647,0,0,0,0,1,1,0,1,0,0,0,0,0,0,0,0,0,0,1998,3
1648,0,0,0,0,0,0,0,1,0,0,0,0,0,0,0,0,0,0,1998,3
1649,0,0,0,0,1,0,1,0,0,0,0,0,0,0,0,0,0,0,1998,3
1650,0,0,0,0,0,0,0,1,0,0,0,0,0,0,0,0,0,0,1998,1
1651,0,0,0,0,0,0,0,1,0,0,0,0,0,0,0,1,0,0,1998,3
1652,0,0,0,0,0,0,0,0,0,0,0,0,0,1,0,0,0,0,1997,6
1653,0,0,0,0,0,0,0,1,0,0,0,0,0,0,0,0,0,0,1996,9
1654,0,0,0,0,1,0,0,0,0,0,0,0,0,0,0,0,0,0,1998,1
1655,0,0,0,0,1,0,0,0,0,0,0,0,0,1,0,0,0,0,1994,1
1656,0,0,0,0,1,0,0,0,0,0,0,0,0,1,0,0,0,0,1998,2
1657,1,0,0,0,0,0,0,1,0,0,0,0,0,0,0,0,0,0,1996,2
1658,0,0,0,0,0,0,0,1,0,0,0,0,0,0,0,0,0,0,1996,12
1659,0,0,0,0,1,0,0,0,0,0,0,0,0,0,0,0,0,0,1996,4
1660,0,0,0,0,0,0,0,1,0,0,0,0,0,0,0,0,0,0,1996,8
1661,0,0,0,0,0,0,0,1,0,0,0,0,0,0,0,0,0,0,1994,1
1662,0,0,0,0,0,0,0,1,0,0,0,0,0,1,0,0,0,0,1997,5
1663,0,0,0,0,0,0,0,1,0,0,0,0,0,0,0,0,1,0,1997,4
1664,0,0,0,0,1,0,0,0,0,0,0,0,0,0,0,0,0,0,1997,4
1665,0,0,0,0,0,0,0,1,0,0,0,0,0,0,0,0,0,0,1997,4
1666,0,0,0,0,0,0,0,1,0,0,0,0,0,0,0,0,0,0,1997,5
1667,0,0,0,0,0,0,0,1,0,0,0,0,0,0,0,0,0,0,1997,6
1668,0,0,0,0,1,0,0,0,0,0,0,0,0,0,0,0,0,0,1997,6
1669,0,0,0,0,0,1,0,1,0,0,0,0,1,0,0,0,0,0,1997,6
1670,0,0,0,0,1,0,0,0,0,0,0,0,0,0,0,1,0,0,1998,2
1671,0,0,0,0,0,0,0,1,0,0,0,0,0,0,0,0,0,0,1998,2
1672,0,0,0,0,0,0,0,1,0,0,0,0,0,0,0,0,0,0,1993,1
1673,1,0,0,0,0,0,0,0,0,0,0,0,0,0,0,1,0,0,1995,1
1674,0,0,0,0,0,0,0,1,0,0,0,0,0,0,0,0,0,0,1962,1
1675,0,0,0,0,0,0,0,1,0,0,0,0,0,0,0,0,0,0,1996,10
1676,0,0,0,0,0,0,0,1,0,0,0,0,0,0,0,0,0,0,1996,1
1677,0,0,0,0,0,0,0,1,0,0,0,0,0,0,0,0,0,0,1996,9
1678,0,0,0,0,0,0,0,1,0,0,0,0,0,0,0,0,0,0,1998,2
1679,0,0,0,0,0,0,0,0,0,0,0,0,0,1,0,1,0,0,1998,2
1680,0,0,0,0,0,0,0,1,0,0,0,0,0,1,0,0,0,0,1998,1
1681,0,0,0,0,1,0,0,0,0,0,0,0,0,0,0,0,0,0,1994,1
1682,0,0,0,0,0,0,0,1,0,0,0,0,0,0,0,0,0,0,1996,3
